timestamp,emitter_status,emitter_records_sent,emitter_latency,emitter_cpu_usage,emitter_memory_usage,cpu_usage,memory_usage,records_extracted,records_loaded,kinesis_lag_ms,is_anomaly,anomaly_type
1788254879,0.0,0.0,0.0,0.0,72249344,0.0,54308864,0.0,0.0,0.0,0,none
1788254884,1.0,1.0,0.0288870334625244,0.0470894487682047,106356736,0.1554759185592185,79114240,0.0,0.0,0.0,0,none
1788254889,1.0,2.0,0.0269534587860107,0.0372443646674876,106983424,0.2642528715381056,93704192,0.0,0.0,0.0,0,none
1788254894,1.0,3.0,0.028505802154541,0.0308054549079823,106745856,0.2461479375,163577856,0.0,0.0,0.0,0,none
1788254899,1.0,4.0,0.0223712921142578,0.0256021014166666,106762240,0.5892257511194381,202948608,0.0,0.0,0.0,0,none
1788254904,1.0,5.0,0.0170669555664062,0.0267586,106762240,0.7816816728303209,800305152,4.0,0.0,0.0,0,none
1788254909,1.0,6.0,0.0186693668365478,0.027431810952011,106770432,0.9088099097778314,1058594816,4.0,4.0,0.0,0,none
1788254914,1.0,7.0,0.0203752517700195,0.0261715269922743,107020288,0.9682888583673576,1234599936,4.0,4.0,0.0,0,none
1788254919,1.0,8.0,0.0219013690948486,0.0243626332656865,106774528,0.9458497634084952,1365278720,4.0,4.0,0.0,0,none
1788254924,1.0,9.0,0.0247881412506103,0.025012074074074,106774528,0.9329855808599816,1383587840,4.0,4.0,0.0,0,none
1788254929,1.0,10.0,0.0247113704681396,0.0251927248083792,107008000,0.932764282028944,1387401216,4.0,4.0,0.0,0,none
1788254934,1.0,11.0,0.0229377746582031,0.0247423549066608,107266048,0.9175624180463138,1388552192,4.0,4.0,0.0,0,none
1788254939,1.0,12.0,0.023815631866455,0.0008954495614035,107048960,0.8430965573605819,1386958848,4.0,4.0,0.0,0,none
1788254944,1.0,13.0,0.0233113765716552,0.0007152410241739,106790912,0.659205971030809,1387229184,4.0,4.0,0.0,0,none
1788254949,1.0,14.0,0.0219213962554931,0.0007515013648771,107040768,0.6534089608935211,1388036096,4.0,4.0,0.0,0,none
1788254954,1.0,15.0,0.0222809314727783,0.0007327254160769,107282432,0.4868571540696997,1388306432,4.0,4.0,0.0,0,none
1788254959,1.0,16.0,0.0236647129058837,0.0007176258251975,107540480,0.2860811223014953,1387556864,4.0,4.0,0.0,0,none
1788254964,1.0,17.0,0.0150632858276367,0.0007587538940809,106803200,0.1198038577908028,1388605440,12.0,12.0,0.0,0,none
1788254969,1.0,18.0,0.0238285064697265,0.0007812356559258,106803200,0.1002928359358364,1392025600,12.0,12.0,0.0,0,none
1788254974,1.0,19.0,0.0225274562835693,0.0007749571493008,107069440,0.077833006579028,1391022080,12.0,12.0,0.0,0,none
1788254979,1.0,20.0,0.0243959426879882,0.0007353813501602,107069440,0.0693320843369702,1391550464,12.0,12.0,0.0,0,none
1788254984,1.0,21.0,0.023900032043457,0.0008073429564774,107839488,0.0703359707878458,1434345472,12.0,12.0,0.0,0,none
1788254989,1.0,22.0,0.0230565071105957,0.0008037396697951,107577344,0.0668573880330506,1434349568,12.0,12.0,0.0,0,none
1788254994,1.0,23.0,0.0210330486297607,0.0007854375648564,107835392,0.0677248618289176,1435115520,12.0,12.0,0.0,0,none
1788254999,1.0,24.0,0.01808762550354,0.0007381377619295,107835392,0.0706913941378711,1434357760,12.0,12.0,0.0,0,none
1788255004,1.0,25.0,0.0165705680847167,0.0007852393494557,108109824,0.0709641032143169,1434353664,12.0,12.0,0.0,0,none
1788255009,1.0,26.0,0.0235946178436279,0.0007778347213324,107327488,0.0706749979511758,1433837568,12.0,12.0,0.0,0,none
1788255014,1.0,27.0,0.0239770412445068,0.0007781425891181,107327488,0.0708876603873695,1434615808,12.0,12.0,0.0,0,none
1788255019,1.0,28.0,0.024160623550415,0.0007811244979919,107585536,0.0702794913382953,1433591808,12.0,12.0,0.0,0,none
1788255024,1.0,29.0,0.0205199718475341,0.0007977192407184,107331584,0.0321908011901999,1434378240,12.0,12.0,0.0,0,none
1788255029,1.0,30.0,0.0228514671325683,0.0008013578624616,106852352,0.067421444638229,1438466048,12.0,12.0,0.0,0,none
1788255034,1.0,31.0,0.0230858325958251,0.0008070017953321,107335680,0.0669861508473406,1438089216,12.0,12.0,0.0,0,none
1788255039,1.0,32.0,0.0228691101074218,0.0008050768129508,107110400,0.0656867002172501,1437609984,12.0,12.0,0.0,0,none
1788255044,1.0,33.0,0.0204336643218994,0.0008124930860282,107343872,0.0656461010291411,1437601792,12.0,12.0,0.0,0,none
1788255049,1.0,34.0,0.0189447402954101,0.0008033073186705,107343872,0.0656298397682621,1436831744,12.0,12.0,0.0,0,none
1788255054,1.0,35.0,0.0145747661590576,0.0007618699101193,107347968,0.0627264998903322,1437360128,12.0,12.0,0.0,0,none
1788255059,1.0,36.0,0.0226349830627441,0.0007600158053875,107335680,0.0652024382100793,1437622272,12.0,12.0,0.0,0,none
1788255064,1.0,37.0,0.0232837200164794,0.0007359977074698,107335680,0.0660216927584481,1437384704,12.0,12.0,0.0,0,none
1788255069,1.0,38.0,0.0226023197174072,0.000819382622227,107089920,0.0662513328959474,1437618176,12.0,12.0,0.0,0,none
1788255074,1.0,38.0,0.0226023197174072,0.0008350633308136,107618304,0.0657306810414735,1437634560,12.0,12.0,0.0,0,none
1788255079,1.0,39.0,0.0224974155426025,0.0008033571478116,107094016,0.06572868834934,1437630464,12.0,12.0,0.0,0,none
1788255084,1.0,40.0,0.0200872421264648,0.0007540933046698,107094016,0.0308835546353249,1437118464,12.0,12.0,0.0,0,none
1788255089,1.0,41.0,0.0144402980804443,0.000789903915101,107364352,0.0606362126681978,1514418176,12.0,12.0,0.0,0,none
1788255094,1.0,42.0,0.0205709934234619,0.0007860786779234,107102208,0.067946330697724,1441091584,12.0,12.0,0.0,0,none
1788255099,1.0,43.0,0.0227043628692626,0.0007536732333085,106844160,0.0677980838006889,1441337344,12.0,12.0,0.0,0,none
1788255104,1.0,44.0,0.022653579711914,0.0007057183500242,106844160,0.067358002477015,1440313344,12.0,12.0,0.0,0,none
1788255109,1.0,45.0,0.0217981338500976,0.0007657710786949,107343872,0.0667529129988755,1440067584,12.0,12.0,0.0,0,none
1788255114,1.0,46.0,0.0219109058380126,0.0007986123247928,107601920,0.0645728010015384,1440309248,12.0,12.0,0.0,0,none
1788255119,1.0,47.0,0.0231149196624755,0.0007216658275316,107573248,0.0676026034238639,1440272384,12.0,12.0,0.0,0,none
1788255124,1.0,48.0,0.0232713222503662,0.0007830530327449,107573248,0.0665407929856497,1440104448,12.0,12.0,0.0,0,none
1788255129,1.0,49.0,0.021697998046875,0.0008394387298339,107106304,0.0672738700301121,1441157120,12.0,12.0,0.0,0,none
1788255134,1.0,50.0,0.0227985382080078,0.0008390275229357,108118016,0.0673520123452535,1440374784,12.0,12.0,0.0,0,none
1788255139,1.0,51.0,0.0219581127166748,0.0008067729694772,107601920,0.0672632145212117,1440374784,12.0,12.0,0.0,0,none
1788255144,1.0,52.0,0.0143959522247314,0.000813593386812,107364352,0.0384022616215904,1441423360,12.0,12.0,0.0,0,none
1788255149,1.0,53.0,0.0139920711517333,0.0007630816356924,107364352,0.0618478395350669,1536167936,12.0,12.0,0.0,0,none
1788255154,1.0,54.0,0.0216860771179199,0.0008229514075667,107618304,0.0664200326763661,1444823040,12.0,12.0,0.0,0,none
1788255159,1.0,55.0,0.0221686363220214,0.0007646823223008,107134976,0.0663865220559195,1444302848,12.0,12.0,0.0,0,none
1788255164,1.0,56.0,0.0220594406127929,0.0008255860150973,107618304,0.0681609923084184,1444044800,12.0,12.0,0.0,0,none
1788255169,1.0,57.0,0.0223710536956787,0.0008229059644189,107106304,0.0676533206689232,1444036608,12.0,12.0,0.0,0,none
1788255174,1.0,58.0,0.0223238468170166,0.0008287142571485,107106304,0.0638470113409407,1444040704,12.0,12.0,0.0,0,none
1788255179,1.0,59.0,0.0218575000762939,0.000771032640642,106860544,0.0675998224397735,1444012032,12.0,12.0,0.0,0,none
1788255184,1.0,60.0,0.0216901302337646,0.0008366560777011,108142592,0.067612903818324,1443336192,12.0,12.0,0.0,0,none
1788255189,1.0,61.0,0.0220181941986084,0.0008096975924318,108384256,0.0663028037901409,1350590464,12.0,12.0,0.0,0,none
1788255194,1.0,62.0,0.0238924026489257,0.0007922428097345,107626496,0.0674876493623124,1350873088,12.0,12.0,0.0,0,none
1788255199,1.0,63.0,0.0211400985717773,0.0007993169347915,107626496,0.0675399419170949,1350344704,12.0,12.0,0.0,0,none
1788255204,1.0,64.0,0.0217735767364501,0.0008006950541014,107655168,0.0373217909564231,1351401472,12.0,12.0,0.0,0,none
1788255209,1.0,65.0,0.0124628543853759,0.000787137262949,106864640,0.0601417914532597,1395912704,12.0,12.0,0.0,0,none
1788255214,1.0,66.0,0.0209019184112548,0.0007917179482324,106864640,0.0684606044083325,1354051584,12.0,12.0,0.0,0,none
1788255219,1.0,67.0,0.0211596488952636,0.0008529800584653,107864064,0.0675386521319168,1353560064,12.0,12.0,0.0,0,none
1788255224,1.0,68.0,0.0219221115112304,0.0009008332586685,108126208,0.0674619518306299,1353818112,12.0,12.0,0.0,0,none
1788255229,1.0,69.0,0.0206823348999023,0.0007031533690724,107343872,0.0687875810957443,1353281536,12.0,12.0,0.0,0,none
1788255234,1.0,70.0,0.0143516063690185,0.0007662427271371,106872832,0.065217203975188,1353830400,12.0,12.0,0.0,0,none
1788255239,1.0,71.0,0.0226197242736816,0.0008002007116138,107626496,0.0671986852667872,1353052160,12.0,12.0,0.0,0,none
1788255244,1.0,72.0,0.0220212936401367,0.0008021066129327,107896832,0.0682125690110113,1353302016,12.0,12.0,0.0,0,none
1788255249,1.0,73.0,0.0214543342590332,0.0008040595299491,107380736,0.0673580477582891,1353818112,12.0,12.0,0.0,0,none
1788255254,1.0,74.0,0.0212342739105224,0.0007532426487365,108142592,0.0668638294137382,1353822208,12.0,12.0,0.0,0,none
1788255259,1.0,75.0,0.0193171501159667,0.0007428407364872,107122688,0.0662937588402232,1353564160,12.0,12.0,0.0,0,none
1788255264,1.0,76.0,0.0133512020111083,0.0007650786632769,107638784,0.0388679061364542,1353318400,12.0,12.0,0.0,0,none
1788255269,1.0,77.0,0.0160658359527587,0.0007258826389219,108404736,0.0541267160153031,1467699200,12.0,12.0,0.0,0,none
1788255274,1.0,78.0,0.0227901935577392,0.0007816480280392,108175360,0.0667757580768619,1356423168,12.0,12.0,0.0,0,none
1788255279,1.0,79.0,0.0190746784210205,0.0007130650496141,107642880,0.0661191790747455,1357475840,12.0,12.0,0.0,0,none
1788255284,1.0,80.0,0.0215089321136474,0.0007762971676438,107651072,0.0656665063223852,1356161024,12.0,12.0,0.0,0,none
1788255289,1.0,81.0,0.0219111442565917,0.0008242962805299,108470272,0.0655325945818795,1356431360,12.0,12.0,0.0,0,none
1788255294,1.0,82.0,0.0210068225860595,0.0007795811237881,108134400,0.0634282129606655,1357213696,12.0,12.0,0.0,0,none
1788255299,1.0,83.0,0.0229871273040771,0.0008001351795696,108388352,0.0667505469698581,1356742656,12.0,12.0,0.0,0,none
1788255304,1.0,84.0,0.0230138301849365,0.0007962270317379,107655168,0.0651720007385219,1356656640,12.0,12.0,0.0,0,none
1788255309,1.0,85.0,0.023179292678833,0.0007143718372641,107143168,0.0656081539829075,1357176832,12.0,12.0,0.0,0,none
1788255314,1.0,86.0,0.0210771560668945,0.0008613125615543,107659264,0.0661025741823658,1356664832,12.0,12.0,0.0,0,none
1788255319,1.0,87.0,0.0218594074249267,0.0008539483250873,108130304,0.0648954837185432,1356427264,12.0,12.0,0.0,0,none
1788255324,1.0,88.0,0.0222415924072265,0.000840581781796,107929600,0.0418039367466802,1356693504,12.0,12.0,0.0,0,none
1788255329,1.0,89.0,0.0170214176177978,0.0007852028199165,107139072,0.0548093050186909,1472548864,13.0,13.0,0.0,0,none
1788255334,1.0,90.0,0.0196242332458496,0.0008382315831973,107397120,0.0656853615463781,1360015360,13.0,13.0,0.0,0,none
1788255339,1.0,91.0,0.017829418182373,0.0008454851936218,107397120,0.0660805186337356,1360080896,13.0,13.0,0.0,0,none
1788255344,1.0,92.0,0.0206410884857177,0.0008265858527724,107139072,0.0659216610693984,1360076800,13.0,13.0,0.0,0,none
1788255349,1.0,93.0,0.0208344459533691,0.0008254989992967,107925504,0.0656585392994078,1359818752,13.0,13.0,0.0,0,none
1788255354,1.0,94.0,0.0216982364654541,0.000771357951272,107909120,0.0620515009890298,1360883712,13.0,13.0,0.0,0,none
1788255359,1.0,95.0,0.0215215682983398,0.0008393835616438,108150784,0.0667561756111614,1360195584,13.0,13.0,0.0,0,none
1788255364,1.0,96.0,0.0221631526947021,0.0008604767184035,108150784,0.0655301563784815,1360490496,13.0,13.0,0.0,0,none
1788255369,1.0,97.0,0.0220301151275634,0.0006793260585436,108150784,0.065998108543362,1359720448,13.0,13.0,0.0,0,none
1788255374,1.0,98.0,0.0220191478729248,0.0008383606974672,107659264,0.0656387976867184,1359998976,13.0,13.0,0.0,0,none
1788255379,1.0,99.0,0.0220732688903808,0.0007823667637935,107659264,0.0653317257537939,1359728640,13.0,13.0,0.0,0,none
1788255384,1.0,100.0,0.020965576171875,0.0008548564840716,107634688,0.0404825096123336,1359581184,13.0,13.0,0.0,0,none
1788255389,1.0,101.0,0.0137028694152832,0.0008862671777133,107634688,0.0397654135361235,1469542400,12.0,12.0,0.0,0,none
1788255394,1.0,102.0,0.0174770355224609,0.000784162683683,107151360,0.0654856416051304,1363755008,12.0,12.0,0.0,0,none
1788255399,1.0,103.0,0.018970251083374,0.0008490455428131,107675648,0.0656257903081032,1363451904,12.0,12.0,0.0,0,none
1788255404,1.0,104.0,0.015773057937622,0.0007792584651781,106893312,0.075387873928205,1369686016,12.0,12.0,0.0,0,none
1788255409,1.0,105.0,0.0186994075775146,0.0007475565764352,106893312,0.0762108551629095,1370972160,12.0,12.0,0.0,0,none
1788255414,1.0,106.0,0.0215098857879638,0.0007317451523545,106897408,0.073028372873161,1370058752,12.0,12.0,0.0,0,none
1788255419,1.0,107.0,0.0216989517211914,0.0007873950785565,107155456,0.0763298431900266,1369812992,12.0,12.0,0.0,0,none
1788255424,1.0,108.0,0.0188596248626709,0.0006738812551567,107151360,0.0751734568789974,1370394624,12.0,12.0,0.0,0,none
1788255429,1.0,109.0,0.0231773853302001,0.0007766791929658,107933696,0.0770552145958548,1370390528,12.0,12.0,0.0,0,none
1788255434,1.0,110.0,0.0211946964263916,0.0007998297582567,107405312,0.0773838763908632,1370394624,12.0,12.0,0.0,0,none
1788255439,1.0,111.0,0.0204434394836425,0.0006875687579617,107405312,0.0770437071696192,1370398720,12.0,12.0,0.0,0,none
1788255444,1.0,112.0,0.0221703052520751,0.0006717757723379,106897408,0.066919634238166,1370652672,12.0,12.0,0.0,0,none
1788255449,1.0,113.0,0.011521577835083,0.0007423146809062,106905600,0.0563142165477536,1484296192,11.0,11.0,0.0,0,none
1788255454,1.0,114.0,0.0148155689239501,0.0007321617910343,107679744,0.0767016542264341,1372721152,11.0,11.0,0.0,0,none
1788255459,1.0,115.0,0.0162019729614257,0.0007966335697399,107679744,0.0672607840449495,1372454912,11.0,11.0,0.0,0,none
1788255464,1.0,116.0,0.0211734771728515,0.0007274561540885,107163648,0.0668121625613811,1373229056,11.0,11.0,0.0,0,none
1788255469,1.0,117.0,0.0151278972625732,0.0007899192138532,107421696,0.0669900269487175,1372196864,11.0,11.0,0.0,0,none
1788255474,1.0,118.0,0.015557050704956,0.0007685687178097,107413504,0.0638439274480612,1372962816,11.0,11.0,0.0,0,none
1788255479,1.0,119.0,0.0131311416625976,0.0007585169601004,107413504,0.0661730406555498,1373626368,11.0,11.0,0.0,0,none
1788255484,1.0,120.0,0.0207400321960449,0.0007012615584369,107159552,0.0655283074483492,1373085696,11.0,11.0,0.0,0,none
1788255489,1.0,121.0,0.0138716697692871,0.0006750533196927,108208128,0.0651807418247908,1373077504,11.0,11.0,0.0,0,none
1788255494,1.0,122.0,0.022153615951538,0.0006295299999999,108208128,0.0645907047682837,1372815360,11.0,11.0,0.0,0,none
1788255499,1.0,123.0,0.0132496356964111,0.0007014015289406,107425792,0.065402139767838,1372971008,11.0,11.0,0.0,0,none
1788255504,1.0,124.0,0.0215289592742919,0.0006757808258839,107159552,0.0500158519381488,1372708864,11.0,11.0,0.0,0,none
1788255509,1.0,125.0,0.0166115760803222,0.0007442574099366,107937792,0.0309144781765642,1393676288,13.0,13.0,0.0,0,none
1788255514,1.0,126.0,0.0218236446380615,0.0007189052482276,107937792,0.0651194795453225,1374838784,13.0,13.0,0.0,0,none
1788255519,1.0,127.0,0.0124788284301757,0.000707167358729,107151360,0.0655717060735167,1374773248,13.0,13.0,0.0,0,none
1788255524,1.0,128.0,0.0211460590362548,0.000673586383706,107417600,0.0651086408129561,1375293440,13.0,13.0,0.0,0,none
1788255529,1.0,129.0,0.012747049331665,0.0006500331809467,107425792,0.06587543531545,1376342016,13.0,13.0,0.0,0,none
1788255534,1.0,130.0,0.0218188762664794,0.0007206028134944,108449792,0.0634206885410247,1375285248,13.0,13.0,0.0,0,none
1788255539,1.0,131.0,0.0140321254730224,0.0007124809409714,107679744,0.0642526239379635,1375567872,13.0,13.0,0.0,0,none
1788255544,1.0,132.0,0.0218183994293212,0.0006808260609913,107933696,0.065987393961479,1374765056,13.0,13.0,0.0,0,none
1788255549,1.0,133.0,0.0191528797149658,0.0006683276594476,107679744,0.0677853940328832,1374486528,13.0,13.0,0.0,0,none
1788255554,1.0,134.0,0.0247032642364501,0.0006952110315682,107950080,0.0664220708978971,1374818304,13.0,13.0,0.0,0,none
1788255559,1.0,135.0,0.0147249698638916,0.0007236465679039,107683840,0.0661935079350164,1375068160,13.0,13.0,0.0,0,none
1788255564,1.0,136.0,0.0203614234924316,0.0006492805755395,107409408,0.0654017768819687,1375596544,13.0,13.0,0.0,0,none
1788255569,1.0,137.0,0.0145151615142822,0.0006581475218353,107171840,0.0307106077216676,1374826496,12.0,12.0,0.0,0,none
1788255574,1.0,138.0,0.0218067169189453,0.0007099710384774,107171840,0.0661793962847662,1376124928,12.0,12.0,0.0,0,none
1788255579,1.0,139.0,0.0174932479858398,0.0007312325191124,107687936,0.0664626421864304,1375653888,12.0,12.0,0.0,0,none
1788255584,1.0,140.0,0.0216591358184814,0.0007215822535645,107679744,0.0663381553854952,1375465472,12.0,12.0,0.0,0,none
1788255589,1.0,141.0,0.0198063850402832,0.000642882272762,107679744,0.0663828921138011,1375404032,12.0,12.0,0.0,0,none
1788255594,1.0,142.0,0.0201127529144287,0.0007089731594107,107450368,0.0656988547226814,1375674368,12.0,12.0,0.0,0,none
1788255599,1.0,143.0,0.013848066329956,0.0007269615251552,107208704,0.0640071417762346,1375678464,12.0,12.0,0.0,0,none
1788255604,1.0,144.0,0.0137772560119628,0.0006855971169379,107171840,0.0659316674051278,1375936512,12.0,12.0,0.0,0,none
1788255609,1.0,145.0,0.0139949321746826,0.0007021970414632,107188224,0.06757353626838,1375944704,12.0,12.0,0.0,0,none
1788255614,1.0,146.0,0.0218110084533691,0.0006832194634227,107438080,0.0669156569096335,1375420416,12.0,12.0,0.0,0,none
1788255619,1.0,147.0,0.0198986530303955,0.0007017879479066,107196416,0.0668740184468338,1375428608,12.0,12.0,0.0,0,none
1788255624,1.0,148.0,0.0212318897247314,0.0006629633122701,107446272,0.0674121575518097,1374904320,12.0,12.0,0.0,0,none
1788255629,1.0,149.0,0.0134625434875488,0.0006921750039203,107175936,0.0451445989475038,1376542720,11.0,11.0,0.0,0,none
1788255634,1.0,150.0,0.0203189849853515,0.0006865191941681,107175936,0.0677709092818264,1376071680,11.0,11.0,0.0,0,none
1788255639,1.0,151.0,0.0193166732788085,0.0006942765730536,107446272,0.0675234459418033,1375625216,11.0,11.0,0.0,0,none
1788255644,1.0,152.0,0.0138366222381591,0.0006525921794066,107659264,0.068141949785403,1375825920,11.0,11.0,0.0,0,none
1788255649,1.0,153.0,0.0136923789978027,0.000675397584387,107921408,0.0679515620296385,1376854016,11.0,11.0,0.0,0,none
1788255654,1.0,154.0,0.0140981674194335,0.000677727712206,107917312,0.0673737318945423,1375551488,11.0,11.0,0.0,0,none
1788255659,1.0,155.0,0.0199377536773681,0.0007069944351801,108474368,0.0651725638880717,1375563776,11.0,11.0,0.0,0,none
1788255664,1.0,156.0,0.0211446285247802,0.0006929165232825,108253184,0.0657911089871527,1375047680,11.0,11.0,0.0,0,none
1788255669,1.0,157.0,0.0190730094909667,0.0006969137105855,107442176,0.0663929157361306,1376088064,11.0,11.0,0.0,0,none
1788255674,1.0,158.0,0.0212516784667968,0.0006972732331663,107712512,0.0660151702308221,1374801920,11.0,11.0,0.0,0,none
1788255679,1.0,159.0,0.0187146663665771,0.0006949067341699,107438080,0.0658454878078196,1375047680,11.0,11.0,0.0,0,none
1788255684,1.0,160.0,0.0151677131652832,0.0006732860095246,107188224,0.0525697901226558,1375821824,11.0,11.0,0.0,0,none
1788255689,1.0,161.0,0.0118112564086914,0.0006885122755588,107732992,0.0399014038349323,1523625984,12.0,12.0,0.0,0,none
1788255694,1.0,162.0,0.0188875198364257,0.0006776566253927,107483136,0.0664370587571986,1375342592,12.0,12.0,0.0,0,none
1788255699,1.0,163.0,0.0208282470703125,0.0007011116914123,107245568,0.0659197068183899,1375719424,12.0,12.0,0.0,0,none
1788255704,1.0,164.0,0.0232059955596923,0.0007099545319022,107700224,0.0658184337233522,1375203328,12.0,12.0,0.0,0,none
1788255709,1.0,165.0,0.0144376754760742,0.0007192563999854,107704320,0.0658617296135586,1375191040,12.0,12.0,0.0,0,none
1788255714,1.0,166.0,0.0156476497650146,0.0007005090598412,107429888,0.0654399974228942,1375703040,12.0,12.0,0.0,0,none
1788255719,1.0,167.0,0.0183937549591064,0.0007080644296261,107192320,0.0636805865957225,1375453184,12.0,12.0,0.0,0,none
1788255724,1.0,168.0,0.0216691493988037,0.0007085596962043,106938368,0.0659741337927075,1374998528,12.0,12.0,0.0,0,none
1788255729,1.0,169.0,0.0218932628631591,0.0007253467569623,107196416,0.0668504099251191,1374720000,12.0,12.0,0.0,0,none
1788255734,1.0,170.0,0.0201399326324462,0.0007428971843546,107728896,0.0662951099440171,1375469568,12.0,12.0,0.0,0,none
1788255739,1.0,171.0,0.0198307037353515,0.0007823410545223,107507712,0.0655835576112268,1375985664,12.0,12.0,0.0,0,none
1788255744,1.0,172.0,0.0213406085968017,0.0007677802605046,107274240,0.0568510616649127,1375977472,12.0,12.0,0.0,0,none
1788255749,1.0,173.0,0.0183274745941162,0.0007650248213216,106942464,0.0437668003300944,1377341440,12.0,12.0,0.0,0,none
1788255754,1.0,174.0,0.0200815200805664,0.0006853151461489,106942464,0.0668656170506066,1376571392,12.0,12.0,0.0,0,none
1788255759,1.0,175.0,0.0212583541870117,0.0007847730070233,107216896,0.0662775824110442,1375768576,12.0,12.0,0.0,0,none
1788255764,1.0,176.0,0.0224311351776123,0.0007729231763818,107237376,0.0670596437980186,1376296960,12.0,12.0,0.0,0,none
1788255769,1.0,177.0,0.0219790935516357,0.0008056360236148,107208704,0.0668973105407984,1375272960,12.0,12.0,0.0,0,none
1788255774,1.0,178.0,0.0209407806396484,0.0008374813988095,107204608,0.0676878047564273,1375776768,12.0,12.0,0.0,0,none
1788255779,1.0,179.0,0.0204999446868896,0.0008214764857319,107700224,0.0648678909321712,1376321536,12.0,12.0,0.0,0,none
1788255784,1.0,180.0,0.0214121341705322,0.0008197795379056,107450368,0.0671548679943655,1375531008,12.0,12.0,0.0,0,none
1788255789,1.0,181.0,0.0265867710113525,0.0008214096642874,107450368,0.0673547907725494,1376325632,12.0,12.0,0.0,0,none
1788255794,1.0,182.0,0.0206928253173828,0.000809549346633,107454464,0.0675853102956329,1375789056,12.0,12.0,0.0,0,none
1788255799,1.0,183.0,0.0195827484130859,0.0008151410016902,107712512,0.0661951921189206,1375539200,12.0,12.0,0.0,0,none
1788255804,1.0,184.0,0.0217328071594238,0.0008121643275986,107692032,0.0540009673877742,1375272960,12.0,12.0,0.0,0,none
1788255809,1.0,185.0,0.0184707641601562,0.0007913537038955,107687936,0.0321650017459112,1392844800,12.0,12.0,0.0,0,none
1788255814,1.0,186.0,0.0203268527984619,0.0008444631056263,107487232,0.0682254017580459,1377030144,12.0,12.0,0.0,0,none
1788255819,1.0,187.0,0.018571138381958,0.0008391602090466,107245568,0.0676818998602581,1376165888,12.0,12.0,0.0,0,none
1788255824,1.0,188.0,0.0198488235473632,0.0008174904259335,107208704,0.0669162296862127,1375338496,12.0,12.0,0.0,0,none
1788255829,1.0,189.0,0.0204899311065673,0.0008098222302029,106950656,0.0668695738830729,1375346688,12.0,12.0,0.0,0,none
1788255834,1.0,190.0,0.0212974548339843,0.0008352040628565,107208704,0.0670097814829248,1375338496,12.0,12.0,0.0,0,none
1788255839,1.0,191.0,0.0213408470153808,0.000830305337975,107229184,0.0643265372275161,1375342592,12.0,12.0,0.0,0,none
1788255844,1.0,192.0,0.0209541320800781,0.0008289998921134,107462656,0.066849141305419,1375100928,12.0,12.0,0.0,0,none
1788255849,1.0,193.0,0.0205082893371582,0.0008233564263549,107462656,0.0671746832594137,1375100928,12.0,12.0,0.0,0,none
1788255854,1.0,194.0,0.0193817615509033,0.0008102581293999,107454464,0.0673879889227258,1375363072,12.0,12.0,0.0,0,none
1788255859,1.0,195.0,0.0190293788909912,0.0007516463045386,107454464,0.0666853225053595,1375617024,12.0,12.0,0.0,0,none
1788255864,1.0,196.0,0.019416332244873,0.0008310084277826,107720704,0.0659598538262953,1375350784,12.0,12.0,0.0,0,none
1788255869,1.0,197.0,0.0176544189453125,0.0008505313301575,107970560,0.0469947550169347,1452302336,12.0,12.0,0.0,0,none
1788255874,1.0,198.0,0.0209903717041015,0.000833066976609,107208704,0.0659870849045789,1377198080,12.0,12.0,0.0,0,none
1788255879,1.0,199.0,0.0209951400756835,0.000873163429374,107466752,0.0660408297907472,1376931840,12.0,12.0,0.0,0,none
1788255884,1.0,200.0,0.0188879966735839,0.0008549720751432,107474944,0.0657838708519841,1376944128,12.0,12.0,0.0,0,none
1788255889,1.0,201.0,0.0200438499450683,0.0008398119918699,107216896,0.0672916574346268,1375649792,12.0,12.0,0.0,0,none
1788255894,1.0,202.0,0.019111156463623,0.0008338806538817,107212800,0.0670239129212258,1376190464,12.0,12.0,0.0,0,none
1788255899,1.0,203.0,0.0210895538330078,0.0008257488062509,107466752,0.0637653511367585,1376452608,12.0,12.0,0.0,0,none
1788255904,1.0,204.0,0.0222983360290527,0.0008451432900352,107208704,0.0668362530331633,1375715328,12.0,12.0,0.0,0,none
1788255909,1.0,205.0,0.0203568935394287,0.0008408529782914,107474944,0.0667144220585566,1375694848,12.0,12.0,0.0,0,none
1788255914,1.0,206.0,0.0196971893310546,0.0007683509983243,107208704,0.0672526641929665,1375440896,12.0,12.0,0.0,0,none
1788255919,1.0,207.0,0.0137844085693359,0.0008411522032784,107212800,0.0661942207342,1375432704,12.0,12.0,0.0,0,none
1788255924,1.0,208.0,0.0134749412536621,0.0007951078473109,107470848,0.0500661987415596,1375690752,12.0,12.0,0.0,0,none
1788255929,1.0,209.0,0.0184307098388671,0.0008030438675022,107204608,0.0316232710121009,1375707136,12.0,12.0,0.0,0,none
1788255934,1.0,210.0,0.0151524543762207,0.000771612023818,107220992,0.0665671110779323,1376464896,12.0,12.0,0.0,0,none
1788255939,1.0,211.0,0.0205671787261962,0.0007728363636363,107716608,0.0671118781216164,1376550912,12.0,12.0,0.0,0,none
1788255944,1.0,212.0,0.0186114311218261,0.0008022014553244,108236800,0.0657455508943362,1376526336,12.0,12.0,0.0,0,none
1788255949,1.0,213.0,0.0200891494750976,0.0007787329573454,107712512,0.066131731154584,1376026624,12.0,12.0,0.0,0,none
1788255954,1.0,214.0,0.0170748233795166,0.0007703707724879,107200512,0.0661007708171914,1375272960,12.0,12.0,0.0,0,none
1788255959,1.0,215.0,0.0194392204284667,0.0007537682992951,107216896,0.0637462539470426,1375522816,12.0,12.0,0.0,0,none
1788255964,1.0,216.0,0.0203769207000732,0.0007463223334658,107724800,0.0655916432017029,1375551488,12.0,12.0,0.0,0,none
1788255969,1.0,217.0,0.0180284976959228,0.0007555834652978,107466752,0.0650209934656183,1375817728,12.0,12.0,0.0,0,none
1788255974,1.0,218.0,0.0205650329589843,0.0007552059735034,107724800,0.0668692033092563,1376595968,12.0,12.0,0.0,0,none
1788255979,1.0,219.0,0.0266215801239013,0.0007843941759558,107720704,0.0653584573333673,1375805440,12.0,12.0,0.0,0,none
1788255984,1.0,220.0,0.0192019939422607,0.0008155785283874,108228608,0.0644719710950469,1375531008,12.0,12.0,0.0,0,none
1788255989,1.0,221.0,0.0110716819763183,0.0008113696952229,107741184,0.0299702420152143,1375539200,12.0,12.0,0.0,0,none
1788255994,1.0,222.0,0.019374132156372,0.0008191642120765,107745280,0.0654690161088725,1377185792,12.0,12.0,0.0,0,none
1788255999,1.0,223.0,0.0205726623535156,0.0008051948051948,107978752,0.0657779537699131,1376485376,12.0,12.0,0.0,0,none
1788256004,1.0,224.0,0.0201659202575683,0.000817607901306,107978752,0.0658889853576695,1376141312,12.0,12.0,0.0,0,none
1788256009,1.0,225.0,0.0202319622039794,0.0008317897831679,108519424,0.0652911892288804,1375350784,12.0,12.0,0.0,0,none
1788256014,1.0,226.0,0.0187478065490722,0.0008430648972913,107728896,0.0647011159659983,1375858688,12.0,12.0,0.0,0,none
1788256019,1.0,227.0,0.01945161819458,0.0008437669523706,107479040,0.063506661781309,1375858688,12.0,12.0,0.0,0,none
1788256024,1.0,228.0,0.0207233428955078,0.0008425291326558,107737088,0.0661691285687992,1376096256,12.0,12.0,0.0,0,none
1788256029,1.0,229.0,0.0193946361541748,0.0008424261229853,107728896,0.0650415543232467,1375666176,12.0,12.0,0.0,0,none
1788256034,1.0,230.0,0.0200834274291992,0.000822047700047,107728896,0.0660044155314839,1375862784,12.0,12.0,0.0,0,none
1788256039,1.0,231.0,0.0197510719299316,0.000832267521759,107720704,0.0652752701125568,1375866880,12.0,12.0,0.0,0,none
1788256044,1.0,232.0,0.019688606262207,0.0008533102794355,107732992,0.0642679097926693,1375612928,12.0,12.0,0.0,0,none
1788256049,1.0,233.0,0.0178484916687011,0.000847891297361,107249664,0.0494857790548214,1474732032,12.0,12.0,0.0,0,none
1788256054,1.0,234.0,0.0210654735565185,0.0008439882174417,107732992,0.0654487069754427,1376346112,12.0,12.0,0.0,0,none
1788256059,1.0,235.0,0.0207562446594238,0.000879236621439,108253184,0.0650483843158754,1376673792,12.0,12.0,0.0,0,none
1788256064,1.0,236.0,0.0198919773101806,0.000828108464461,107487232,0.0665098722007562,1376694272,12.0,12.0,0.0,0,none
1788256069,1.0,237.0,0.0200183391571044,0.0007727677200733,107487232,0.0670407541547648,1376432128,12.0,12.0,0.0,0,none
1788256074,1.0,238.0,0.0181095600128173,0.0008915153760652,108261376,0.0664403743175535,1375911936,12.0,12.0,0.0,0,none
1788256079,1.0,239.0,0.0201008319854736,0.0008865969845527,108011520,0.0638043205953345,1375887360,12.0,12.0,0.0,0,none
1788256084,1.0,240.0,0.0152258872985839,0.0008695785745265,107728896,0.0662515905947141,1376804864,12.0,12.0,0.0,0,none
1788256089,1.0,241.0,0.0191960334777832,0.0008625546822529,107732992,0.0662555835442432,1376677888,12.0,12.0,0.0,0,none
1788256094,1.0,242.0,0.0181357860565185,0.0008329613885936,107720704,0.0679277120390965,1377030144,12.0,12.0,0.0,0,none
1788256099,1.0,243.0,0.014301061630249,0.0008393526312931,108265472,0.067703825622563,1375977472,12.0,12.0,0.0,0,none
1788256104,1.0,244.0,0.0192930698394775,0.0008346548126644,107479040,0.0486366799990521,1375723520,12.0,12.0,0.0,0,none
1788256109,1.0,245.0,0.0160787105560302,0.0008696917137581,107950080,0.0457967196712811,1376997376,12.0,12.0,0.0,0,none
1788256114,1.0,246.0,0.0191199779510498,0.000816351750694,108011520,0.0665334717098676,1377132544,12.0,12.0,0.0,0,none
1788256119,1.0,247.0,0.0198049545288085,0.0008260610438865,107483136,0.0684593421911212,1376612352,12.0,12.0,0.0,0,none
1788256124,1.0,248.0,0.0176200866699218,0.0007555950803351,107491328,0.0675999674404289,1375604736,12.0,12.0,0.0,0,none
1788256129,1.0,249.0,0.018913984298706,0.0008335663306599,108515328,0.0685165167162583,1375862784,12.0,12.0,0.0,0,none
1788256134,1.0,250.0,0.0195417404174804,0.0008173227778479,107724800,0.06810441027989,1376120832,12.0,12.0,0.0,0,none
1788256139,1.0,251.0,0.0182032585144042,0.0008133737395602,107753472,0.06623144631897,1375858688,12.0,12.0,0.0,0,none
1788256144,1.0,252.0,0.0107533931732177,0.0008516864258799,107745280,0.0671056373920779,1375866880,12.0,12.0,0.0,0,none
1788256149,1.0,253.0,0.0168135166168212,0.0008419488239855,108503040,0.0674916028410513,1376124928,12.0,12.0,0.0,0,none
1788256154,1.0,254.0,0.0203104019165039,0.0008060316771534,107745280,0.0686017303153146,1375600640,12.0,12.0,0.0,0,none
1788256159,1.0,255.0,0.0173768997192382,0.0008106206595644,107479040,0.066352752139604,1375604736,12.0,12.0,0.0,0,none
1788256164,1.0,256.0,0.020902395248413,0.0007624982272018,107487232,0.0530276617277845,1376649216,12.0,12.0,0.0,0,none
1788256169,1.0,256.0,0.020902395248413,0.0008132601822577,107765760,0.0393061526825497,1476431872,12.0,12.0,0.0,0,none
1788256174,1.0,257.0,0.0200154781341552,0.0007443431157432,107253760,0.0655663313243177,1413685248,12.0,12.0,0.0,0,none
1788256179,1.0,258.0,0.0168049335479736,0.000738469096612,107253760,0.0659552584600409,1377206272,12.0,12.0,0.0,0,none
1788256184,1.0,259.0,0.0210916996002197,0.0007477720719289,108531712,0.0655614602944816,1377206272,12.0,12.0,0.0,0,none
1788256189,1.0,260.0,0.0208353996276855,0.0007717790296202,108544000,0.0661007014707397,1376686080,12.0,12.0,0.0,0,none
1788256194,1.0,261.0,0.0198984146118164,0.0007815723809169,108789760,0.0649303450892079,1376428032,12.0,12.0,0.0,0,none
1788256199,1.0,262.0,0.0206649303436279,0.0007637921604375,108539904,0.0641166053617535,1376169984,12.0,12.0,0.0,0,none
1788256204,1.0,263.0,0.0184102058410644,0.0007756227726141,108015616,0.0625314047551869,1376169984,12.0,12.0,0.0,0,none
1788256209,1.0,264.0,0.0198233127593994,0.0008178934242857,108785664,0.0652531472966191,1375928320,12.0,12.0,0.0,0,none
1788256214,1.0,265.0,0.0185668468475341,0.0008330557790543,108527616,0.0661114951435634,1377488896,12.0,12.0,0.0,0,none
1788256219,1.0,266.0,0.0192835330963134,0.0008383478562686,108261376,0.0660188933170127,1376182272,12.0,12.0,0.0,0,none
1788256224,1.0,267.0,0.0189723968505859,0.0008433921105253,107732992,0.0593801036132928,1375666176,12.0,12.0,0.0,0,none
1788256229,1.0,268.0,0.0172343254089355,0.0008553775147488,108040192,0.0491207868766134,1588363264,12.0,12.0,0.0,0,none
1788256234,1.0,269.0,0.0163111686706542,0.0007816322035461,107261952,0.0713176977955133,1383817216,12.0,12.0,0.0,0,none
1788256239,1.0,270.0,0.010815143585205,0.0008277030153823,107487232,0.0751303638015286,1378250752,12.0,12.0,0.0,0,none
1788256244,1.0,271.0,0.0198779106140136,0.0008061257504403,108007424,0.0743675980913902,1377382400,12.0,12.0,0.0,0,none
1788256249,1.0,272.0,0.0191211700439453,0.0008178873492891,108560384,0.074754148466887,1376886784,12.0,12.0,0.0,0,none
1788256254,1.0,273.0,0.0185768604278564,0.0008234704843086,107753472,0.0750489463599092,1376632832,12.0,12.0,0.0,0,none
1788256259,1.0,274.0,0.0182924270629882,0.0008252475247524,107737088,0.0755236191967771,1376382976,12.0,12.0,0.0,0,none
1788256264,1.0,275.0,0.0200674533843994,0.0008083067661673,108240896,0.073145438182592,1403359232,12.0,12.0,0.0,0,none
1788256269,1.0,276.0,0.0196959972381591,0.0007807158210788,107712512,0.0745942967603562,1376894976,12.0,12.0,0.0,0,none
1788256274,1.0,277.0,0.0180079936981201,0.0007424260515702,107712512,0.0749480645786437,1377157120,12.0,12.0,0.0,0,none
1788256279,1.0,278.0,0.0176568031311035,0.0007855182791891,107937792,0.0753962266710923,1376636928,12.0,12.0,0.0,0,none
1788256284,1.0,279.0,0.0181324481964111,0.0008088028041773,108507136,0.0569502460338605,1376628736,12.0,12.0,0.0,0,none
1788256289,1.0,280.0,0.0165550708770751,0.0008161618316268,107978752,0.0341454161267029,1376894976,12.0,12.0,0.0,0,none
1788256294,1.0,281.0,0.0159258842468261,0.0008598891487285,108748800,0.0647279516008259,1377312768,12.0,12.0,0.0,0,none
1788256299,1.0,282.0,0.0182929039001464,0.0008502605590175,108023808,0.0668048342664028,1378938880,12.0,12.0,0.0,0,none
1788256304,1.0,283.0,0.0184624195098876,0.0008290037420684,108769280,0.067196929494718,1377628160,12.0,12.0,0.0,0,none
1788256309,1.0,284.0,0.0187568664550781,0.0008239689661953,107491328,0.0675229231576379,1377361920,12.0,12.0,0.0,0,none
1788256314,1.0,285.0,0.0179636478424072,0.0008374934290427,108040192,0.0677151321583879,1377632256,12.0,12.0,0.0,0,none
1788256319,1.0,286.0,0.0106892585754394,0.0008194147957305,107753472,0.0668907049413922,1376940032,12.0,12.0,0.0,0,none
1788256324,1.0,287.0,0.0184714794158935,0.000733814535236,107491328,0.0653215463033644,1376931840,12.0,12.0,0.0,0,none
1788256329,1.0,288.0,0.0181746482849121,0.0007439604437771,107991040,0.0680082488688315,1377718272,12.0,12.0,0.0,0,none
1788256334,1.0,289.0,0.0174753665924072,0.0007631226541428,107728896,0.0681190622076981,1377447936,12.0,12.0,0.0,0,none
1788256339,1.0,290.0,0.016850471496582,0.0007993080205084,108244992,0.0677371971989848,1377198080,12.0,12.0,0.0,0,none
1788256344,1.0,291.0,0.01607346534729,0.0008161469329795,107999232,0.0677172850998964,1377751040,12.0,12.0,0.0,0,none
1788256349,1.0,292.0,0.0103356838226318,0.0007533161645381,107995136,0.0464600865498429,1588690944,12.0,12.0,0.0,0,none
1788256354,1.0,293.0,0.0113725662231445,0.0007289855895775,107483136,0.0657820934100843,1377554432,12.0,12.0,0.0,0,none
1788256359,1.0,294.0,0.0174534320831298,0.0007789184234647,108789760,0.0674334347547013,1377959936,12.0,12.0,0.0,0,none
1788256364,1.0,295.0,0.0163741111755371,0.0007530931586608,108519424,0.0672626225498668,1377447936,12.0,12.0,0.0,0,none
1788256369,1.0,296.0,0.0178155899047851,0.0006936726811337,108015616,0.067505985957754,1376686080,12.0,12.0,0.0,0,none
1788256374,1.0,297.0,0.016603946685791,0.0007489325670636,108040192,0.0669161081417938,1377439744,12.0,12.0,0.0,0,none
1788256379,1.0,298.0,0.0143897533416748,0.00079082872539,107503616,0.0661907241750353,1376907264,12.0,12.0,0.0,0,none
1788256384,1.0,299.0,0.0104546546936035,0.0006868518275415,107249664,0.0633060363522316,1376911360,12.0,12.0,0.0,0,none
1788256389,1.0,300.0,0.0106847286224365,0.0007660460254752,108281856,0.0659641453277126,1377013760,12.0,12.0,0.0,0,none
1788256394,1.0,301.0,0.0102748870849609,0.0007099538196183,108015616,0.0654210602874863,1376747520,12.0,12.0,0.0,0,none
1788256399,1.0,302.0,0.0184614658355712,0.000710739030023,108023808,0.0660659949860794,1376485376,12.0,12.0,0.0,0,none
1788256404,1.0,303.0,0.0176873207092285,0.0007390988239998,107245568,0.0529641359262161,1377009664,12.0,12.0,0.0,0,none
1788256409,1.0,304.0,0.0105035305023193,0.0007624466073804,107257856,0.0376476179217988,1472757760,12.0,12.0,0.0,0,none
1788256414,1.0,305.0,0.0186202526092529,0.0007226155394235,107274240,0.0634469628675192,1377214464,12.0,12.0,0.0,0,none
1788256419,1.0,306.0,0.017418622970581,0.0007250203086921,108265472,0.0660620997246633,1378250752,12.0,12.0,0.0,0,none
1788256424,1.0,307.0,0.0194354057312011,0.000723317766213,108265472,0.0652365946507406,1377370112,12.0,12.0,0.0,0,none
1788256429,1.0,308.0,0.0176746845245361,0.0007762136633228,108249088,0.0665093250854695,1377050624,12.0,12.0,0.0,0,none
1788256434,1.0,309.0,0.0184729099273681,0.0007682765201717,107757568,0.0661067935008619,1377312768,12.0,12.0,0.0,0,none
1788256439,1.0,310.0,0.0180504322052001,0.0007665579744981,107757568,0.0671392769128285,1376788480,12.0,12.0,0.0,0,none
1788256444,1.0,311.0,0.0192329883575439,0.0008350496772789,107524096,0.0632792728363378,1377316864,12.0,12.0,0.0,0,none
1788256449,1.0,312.0,0.0173952579498291,0.0008351828499369,108535808,0.0658689314804469,1377751040,12.0,12.0,0.0,0,none
1788256454,1.0,313.0,0.0189502239227294,0.0007638736364301,108023808,0.0661522774062541,1377062912,12.0,12.0,0.0,0,none
1788256459,1.0,314.0,0.0174760818481445,0.0006859021239425,108023808,0.0661077319610554,1377587200,12.0,12.0,0.0,0,none
1788256464,1.0,315.0,0.0188095569610595,0.0008696622635295,108052480,0.0608181273955273,1377067008,12.0,12.0,0.0,0,none
1788256469,1.0,316.0,0.0108420848846435,0.0008166666666666,107261952,0.0403664382660014,1487142912,12.0,12.0,0.0,0,none
1788256474,1.0,317.0,0.017812967300415,0.0008016275371808,107261952,0.0641255530661635,1377759232,12.0,12.0,0.0,0,none
1788256479,1.0,318.0,0.0168728828430175,0.0007311679612575,107282432,0.0660962885110064,1378238464,12.0,12.0,0.0,0,none
1788256484,1.0,319.0,0.0180819034576416,0.0008206117532036,107503616,0.0654063939004042,1377357824,12.0,12.0,0.0,0,none
1788256489,1.0,320.0,0.015618085861206,0.0007769031873615,107503616,0.0660711530044469,1377091584,12.0,12.0,0.0,0,none
1788256494,1.0,321.0,0.018010139465332,0.0007302187195634,108032000,0.0655446766382146,1377091584,12.0,12.0,0.0,0,none
1788256499,1.0,322.0,0.0168309211730957,0.0007879477084209,108032000,0.0665826337400246,1377615872,12.0,12.0,0.0,0,none
1788256504,1.0,323.0,0.0181550979614257,0.0007801823167568,107765760,0.064246874951918,1377349632,12.0,12.0,0.0,0,none
1788256509,1.0,324.0,0.0178983211517334,0.0008821634101795,108269568,0.0657621536774892,1376829440,12.0,12.0,0.0,0,none
1788256514,1.0,325.0,0.0187518596649169,0.000700865,108269568,0.0659773972442119,1376567296,12.0,12.0,0.0,0,none
1788256519,1.0,326.0,0.018700361251831,0.0008119546097333,107257856,0.0653198084542091,1376837632,12.0,12.0,0.0,0,none
1788256524,1.0,327.0,0.0178141593933105,0.0008183394590519,107257856,0.0586335531051146,1377103872,12.0,12.0,0.0,0,none
1788256529,1.0,328.0,0.0105035305023193,0.0008591844303937,107524096,0.041429659084823,1516785664,12.0,12.0,0.0,0,none
1788256534,1.0,329.0,0.0173017978668212,0.0009123789020452,108040192,0.0639188363751004,1378381824,12.0,12.0,0.0,0,none
1788256539,1.0,330.0,0.0173757076263427,0.0007738858168235,107266048,0.0661319772370596,1378365440,12.0,12.0,0.0,0,none
1788256544,1.0,331.0,0.0098147392272949,0.0007287658405455,107266048,0.0659865143924906,1378848768,12.0,12.0,0.0,0,none
1788256549,1.0,332.0,0.0176663398742675,0.000821115052492,108314624,0.0661051993954124,1378369536,12.0,12.0,0.0,0,none
1788256554,1.0,333.0,0.0178394317626953,0.0008105995128466,107778048,0.0666062059841064,1377325056,12.0,12.0,0.0,0,none
1788256559,1.0,334.0,0.0178403854370117,0.000877923449186,108552192,0.0672260545120589,1377583104,12.0,12.0,0.0,0,none
1788256564,1.0,335.0,0.0166819095611572,0.0008290659210117,107769856,0.0636770840874604,1377067008,12.0,12.0,0.0,0,none
1788256569,1.0,336.0,0.0173382759094238,0.000800377945316,107257856,0.0658579039546409,1377984512,12.0,12.0,0.0,0,none
1788256574,1.0,337.0,0.0177006721496582,0.0007987650806078,107515904,0.066550269059,1377382400,12.0,12.0,0.0,0,none
1788256579,1.0,338.0,0.0175807476043701,0.0007053787908527,107782144,0.0650467724011093,1377382400,12.0,12.0,0.0,0,none
1788256584,1.0,339.0,0.0160984992980957,0.0007404391582799,107524096,0.0564164532752147,1376604160,12.0,12.0,0.0,0,none
1788256589,1.0,340.0,0.0122995376586914,0.000726181626992,107794432,0.044181819473317,1490604032,11.0,11.0,0.0,0,none
1788256594,1.0,341.0,0.0138673782348632,0.000793141713662,107261952,0.0626817755282191,1377869824,11.0,11.0,0.0,0,none
1788256599,1.0,342.0,0.0176362991333007,0.0007689137154943,107261952,0.0659220207726116,1379164160,11.0,11.0,0.0,0,none
1788256604,1.0,343.0,0.0176522731781005,0.000740824253908,107270144,0.0655744933461031,1378172928,11.0,11.0,0.0,0,none
1788256609,1.0,344.0,0.017892837524414,0.0008086314383256,107524096,0.0643212415202015,1377390592,11.0,11.0,0.0,0,none
1788256614,1.0,345.0,0.0177760124206542,0.000738852550925,107540480,0.0642964003112949,1377390592,11.0,11.0,0.0,0,none
1788256619,1.0,346.0,0.0183076858520507,0.0007930177706559,107245568,0.0647689624572662,1377656832,11.0,11.0,0.0,0,none
1788256624,1.0,347.0,0.0181832313537597,0.0008172878988384,107270144,0.062868855718863,1377144832,11.0,11.0,0.0,0,none
1788256629,1.0,348.0,0.0178611278533935,0.0008812150251193,108310528,0.0654516989917796,1377902592,11.0,11.0,0.0,0,none
1788256634,1.0,349.0,0.0096566677093505,0.0008172946352591,107528192,0.0661433430941577,1376890880,11.0,11.0,0.0,0,none
1788256639,1.0,350.0,0.0150723457336425,0.0008271133676759,107552768,0.0652084526356804,1377910784,11.0,11.0,0.0,0,none
1788256644,1.0,351.0,0.0158851146697998,0.0008111143417896,107274240,0.0533054919212247,1377140736,11.0,11.0,0.0,0,none
1788256649,1.0,352.0,0.0105984210968017,0.0008233192774412,107274240,0.033017499550143,1377660928,13.0,13.0,0.0,0,none
1788256654,1.0,353.0,0.0173647403717041,0.0008185387976328,107270144,0.0631215547734171,1378045952,13.0,13.0,0.0,0,none
1788256659,1.0,354.0,0.0172665119171142,0.0008039317494136,107528192,0.0658507930859983,1378459648,13.0,13.0,0.0,0,none
1788256664,1.0,355.0,0.0175437927246093,0.0008100710253141,108318720,0.0670122274493399,1377624064,13.0,13.0,0.0,0,none
1788256669,1.0,356.0,0.0178878307342529,0.0008553724852384,108818432,0.0658488097466141,1378226176,13.0,13.0,0.0,0,none
1788256674,1.0,357.0,0.0172836780548095,0.0007840180119007,108040192,0.0660632094945748,1377181696,13.0,13.0,0.0,0,none
1788256679,1.0,358.0,0.0176961421966552,0.0007699130711895,107532288,0.0665966776542143,1377189888,13.0,13.0,0.0,0,none
1788256684,1.0,359.0,0.0180270671844482,0.000713949610967,107532288,0.0634435937770147,1376931840,13.0,13.0,0.0,0,none
1788256689,1.0,360.0,0.0176832675933837,0.0007592165080267,107528192,0.0664569091520782,1377570816,13.0,13.0,0.0,0,none
1788256694,1.0,361.0,0.0160224437713623,0.0008535284174941,108302336,0.0673661018300667,1377615872,13.0,13.0,0.0,0,none
1788256699,1.0,362.0,0.0176913738250732,0.000810102371671,107524096,0.0665842558784665,1376927744,13.0,13.0,0.0,0,none
1788256704,1.0,363.0,0.0180692672729492,0.0008081271388386,107515904,0.0662242781646877,1377968128,13.0,13.0,0.0,0,none
1788256709,1.0,364.0,0.0105588436126708,0.0008394018556886,107261952,0.0494683587101557,1450729472,11.0,11.0,0.0,0,none
1788256714,1.0,365.0,0.018470287322998,0.0008855693148351,108056576,0.0646673058487653,1377710080,11.0,11.0,0.0,0,none
1788256719,1.0,366.0,0.018052339553833,0.0008100487598049,107270144,0.0667491017001805,1377660928,11.0,11.0,0.0,0,none
1788256724,1.0,367.0,0.0181546211242675,0.0007679642652786,107261952,0.0674888879249877,1377275904,11.0,11.0,0.0,0,none
1788256729,1.0,368.0,0.0154027938842773,0.0008491779186185,107245568,0.0678927060206857,1377280000,11.0,11.0,0.0,0,none
1788256734,1.0,369.0,0.0097854137420654,0.0008341132599714,107249664,0.0676301664807397,1377529856,11.0,11.0,0.0,0,none
1788256739,1.0,370.0,0.0168967247009277,0.0008099368941749,107016192,0.0684674806502974,1377542144,11.0,11.0,0.0,0,none
1788256744,1.0,371.0,0.0178649425506591,0.0008094948713699,107274240,0.065327076018106,1377529856,11.0,11.0,0.0,0,none
1788256749,1.0,372.0,0.0178334712982177,0.00073377927654,107274240,0.0666758163611214,1377841152,11.0,11.0,0.0,0,none
1788256754,1.0,373.0,0.0183801651000976,0.0008038204917283,107278336,0.0680745605380921,1377710080,11.0,11.0,0.0,0,none
1788256759,1.0,374.0,0.0159804821014404,0.0008062607748843,107536384,0.0673173383536597,1377275904,11.0,11.0,0.0,0,none
1788256764,1.0,375.0,0.0094599723815917,0.0007895589046458,107274240,0.0510740088252723,1378062336,11.0,11.0,0.0,0,none
1788256769,1.0,376.0,0.0100824832916259,0.0007306307803068,107528192,0.0528173795886462,1478434816,12.0,12.0,0.0,0,none
1788256774,1.0,377.0,0.0100960731506347,0.0007709927817476,107274240,0.0636262346904209,1377677312,12.0,12.0,0.0,0,none
1788256779,1.0,378.0,0.0101556777954101,0.0007510641796225,107786240,0.0665534340504137,1379332096,12.0,12.0,0.0,0,none
1788256784,1.0,379.0,0.016538381576538,0.0007220626204589,107520000,0.0673868391990595,1378000896,12.0,12.0,0.0,0,none
1788256789,1.0,380.0,0.0175032615661621,0.0007274999101075,107270144,0.0669525828195923,1378004992,12.0,12.0,0.0,0,none
1788256794,1.0,381.0,0.0168795585632324,0.0007442175657601,107274240,0.0645517785100015,1377611776,12.0,12.0,0.0,0,none
1788256799,1.0,382.0,0.018946886062622,0.000765419452232,107274240,0.0651798872717965,1377611776,12.0,12.0,0.0,0,none
1788256804,1.0,383.0,0.0178360939025878,0.0007771079975381,107274240,0.0635490838092938,1377079296,12.0,12.0,0.0,0,none
1788256809,1.0,384.0,0.018043041229248,0.0007797502117613,107515904,0.0643052434816879,1377943552,12.0,12.0,0.0,0,none
1788256814,1.0,385.0,0.0183920860290527,0.0007855777110079,107769856,0.0644636841696178,1377087488,12.0,12.0,0.0,0,none
1788256819,1.0,386.0,0.0163085460662841,0.0007855690687965,107532288,0.0649866772947092,1377869824,12.0,12.0,0.0,0,none
1788256824,1.0,387.0,0.0178380012512207,0.0008124298083541,107274240,0.0456216820164279,1376575488,12.0,12.0,0.0,0,none
1788256829,1.0,388.0,0.0099225044250488,0.0008551378081594,107274240,0.0410843295734134,1516961792,12.0,12.0,0.0,0,none
1788256834,1.0,389.0,0.017869234085083,0.0008422141379556,107532288,0.0631980189391618,1377804288,12.0,12.0,0.0,0,none
1788256839,1.0,390.0,0.0173606872558593,0.0008737528986679,107790336,0.0622445012290956,1377886208,12.0,12.0,0.0,0,none
1788256844,1.0,391.0,0.0151600837707519,0.0008883569653559,108294144,0.0651566569632298,1377959936,12.0,12.0,0.0,0,none
1788256849,1.0,392.0,0.0151264667510986,0.0008895516925892,108027904,0.0660678267278599,1377419264,12.0,12.0,0.0,0,none
1788256854,1.0,393.0,0.0170023441314697,0.0008886428757488,108814336,0.065144793042771,1377890304,12.0,12.0,0.0,0,none
1788256859,1.0,394.0,0.0186054706573486,0.0008374592243566,108019712,0.0648515002019827,1377673216,12.0,12.0,0.0,0,none
1788256864,1.0,395.0,0.0152580738067626,0.0008291006817935,108011520,0.0625594670666258,1377112064,12.0,12.0,0.0,0,none
1788256869,1.0,396.0,0.018263816833496,0.0008152937767152,107520000,0.0637725826314466,1377628160,12.0,12.0,0.0,0,none
1788256874,1.0,397.0,0.0177569389343261,0.0008159494684724,107761664,0.0662253410095385,1377292288,12.0,12.0,0.0,0,none
1788256879,1.0,398.0,0.0172865390777587,0.0008345896848884,108040192,0.0663997599500111,1378152448,12.0,12.0,0.0,0,none
1788256884,1.0,399.0,0.0143756866455078,0.0007975119686638,107274240,0.0567366341764935,1377394688,12.0,12.0,0.0,0,none
1788256889,1.0,400.0,0.0096492767333984,0.0008360148975791,107274240,0.0448011914173497,1589313536,12.0,12.0,0.0,0,none
1788256894,1.0,401.0,0.0107653141021728,0.0007910658077739,107261952,0.0658932468516065,1378590720,12.0,12.0,0.0,0,none
1788256899,1.0,402.0,0.0174670219421386,0.0007809212980231,107016192,0.074262706040805,1387278336,12.0,12.0,0.0,0,none
1788256904,1.0,403.0,0.0184671878814697,0.0007665628435324,107528192,0.0764549040432131,1388089344,12.0,12.0,0.0,0,none
1788256909,1.0,404.0,0.0153200626373291,0.0007685524156462,107782144,0.0768543683790841,1386528768,12.0,12.0,0.0,0,none
1788256914,1.0,405.0,0.0174767971038818,0.0008049172157926,108036096,0.0771525728523792,1386237952,12.0,12.0,0.0,0,none
1788256919,1.0,406.0,0.0175380706787109,0.000820023614521,107528192,0.078070198479552,1386246144,12.0,12.0,0.0,0,none
1788256924,1.0,407.0,0.016484260559082,0.0008017655341733,107016192,0.0770980955373774,1387036672,12.0,12.0,0.0,0,none
1788256929,1.0,408.0,0.0178024768829345,0.000811892978082,107261952,0.0746963762957594,1386045440,12.0,12.0,0.0,0,none
1788256934,1.0,409.0,0.0184526443481445,0.0007728278768348,107786240,0.0761093975356592,1386815488,12.0,12.0,0.0,0,none
1788256939,1.0,410.0,0.01701021194458,0.0007940286537129,107274240,0.0761715382188929,1386823680,12.0,12.0,0.0,0,none
1788256944,1.0,411.0,0.0174474716186523,0.0008030026300409,107278336,0.0641871276942565,1386319872,12.0,12.0,0.0,0,none
1788256949,1.0,412.0,0.016129732131958,0.0008337196041643,107020288,0.0514212124197025,1513529344,12.0,12.0,0.0,0,none
1788256954,1.0,413.0,0.0180771350860595,0.0008264996751606,107266048,0.0655876955735462,1387347968,12.0,12.0,0.0,0,none
1788256959,1.0,414.0,0.016247272491455,0.0008402849170215,107794432,0.064021825321574,1387118592,12.0,12.0,0.0,0,none
1788256964,1.0,415.0,0.0176999568939209,0.0008150492391954,108036096,0.0663761768195696,1387892736,12.0,12.0,0.0,0,none
1788256969,1.0,416.0,0.0177779197692871,0.0008211115364284,108044288,0.0677067319834132,1386844160,12.0,12.0,0.0,0,none
1788256974,1.0,417.0,0.0173718929290771,0.0007893930859677,107532288,0.0674315586129727,1386872832,12.0,12.0,0.0,0,none
1788256979,1.0,418.0,0.016770601272583,0.0008270426287744,107773952,0.0661803872255023,1386864640,12.0,12.0,0.0,0,none
1788256984,1.0,419.0,0.0179193019866943,0.0008137536840225,107278336,0.066254119895669,1387376640,12.0,12.0,0.0,0,none
1788256989,1.0,420.0,0.0183150768280029,0.0008280390286846,107520000,0.0641462666194318,1386864640,12.0,12.0,0.0,0,none
1788256994,1.0,421.0,0.0176289081573486,0.0008355325427314,107274240,0.0674054149200035,1386766336,12.0,12.0,0.0,0,none
1788256999,1.0,422.0,0.017507791519165,0.0008065696720572,107520000,0.0663137223888851,1386582016,12.0,12.0,0.0,0,none
1788257004,1.0,423.0,0.0171644687652587,0.000800199408895,107270144,0.0585856649741327,1386356736,12.0,12.0,0.0,0,none
1788257009,1.0,424.0,0.0164363384246826,0.0008217472992015,107274240,0.0468963235727334,1388359680,12.0,12.0,0.0,0,none
1788257014,1.0,425.0,0.0139060020446777,0.0008381482834185,107274240,0.0667968187088315,1388236800,12.0,12.0,0.0,0,none
1788257019,1.0,426.0,0.0168945789337158,0.000831951223938,107016192,0.0638642477182327,1386692608,12.0,12.0,0.0,0,none
1788257024,1.0,427.0,0.0181705951690673,0.0008141888274138,107274240,0.0653407295420281,1387630592,12.0,12.0,0.0,0,none
1788257029,1.0,428.0,0.0177083015441894,0.0008501752554254,107515904,0.0648166833878345,1387368448,12.0,12.0,0.0,0,none
1788257034,1.0,429.0,0.0179736614227294,0.0008154941928094,107524096,0.0658789425666636,1386905600,12.0,12.0,0.0,0,none
1788257039,1.0,430.0,0.0179786682128906,0.0008263502365973,107786240,0.0653217885847437,1386811392,12.0,12.0,0.0,0,none
1788257044,1.0,431.0,0.0183007717132568,0.0008318555127552,108023808,0.0656323124686185,1386455040,12.0,12.0,0.0,0,none
1788257049,1.0,432.0,0.0182771682739257,0.0008101113664486,108032000,0.0632740188715382,1386962944,12.0,12.0,0.0,0,none
1788257054,1.0,433.0,0.0139307975769042,0.0008422872244144,107769856,0.0668129106888866,1387139072,12.0,12.0,0.0,0,none
1788257059,1.0,434.0,0.0162971019744873,0.0008427289182481,108269568,0.0660027487892078,1387274240,12.0,12.0,0.0,0,none
1788257064,1.0,435.0,0.0149617195129394,0.0008009640274926,107270144,0.0525113553457605,1386496000,12.0,12.0,0.0,0,none
1788257069,1.0,436.0,0.0149753093719482,0.0007976056389201,107274240,0.0321480582811013,1386196992,12.0,12.0,0.0,0,none
1788257074,1.0,437.0,0.0144484043121337,0.0008048926555723,107016192,0.0670517039679267,1388703744,12.0,12.0,0.0,0,none
1788257079,1.0,438.0,0.0096850395202636,0.000829169055501,107544576,0.0637906930105466,1387036672,12.0,12.0,0.0,0,none
1788257084,1.0,439.0,0.0100693702697753,0.0007938564432424,107769856,0.0678253922468535,1387524096,12.0,12.0,0.0,0,none
1788257089,1.0,440.0,0.0173027515411376,0.0007830749354005,107302912,0.0664985502296089,1386741760,12.0,12.0,0.0,0,none
1788257094,1.0,441.0,0.0135004520416259,0.0007917211736124,107016192,0.0672022131103391,1386995712,12.0,12.0,0.0,0,none
1788257099,1.0,442.0,0.0183625221252441,0.0007741835318185,107024384,0.0658360716206544,1387544576,12.0,12.0,0.0,0,none
1788257104,1.0,443.0,0.0178442001342773,0.0007884707090715,107016192,0.0661722083916454,1387544576,12.0,12.0,0.0,0,none
1788257109,1.0,444.0,0.0100541114807128,0.0007670120617009,107274240,0.0620371278797148,1387294720,12.0,12.0,0.0,0,none
1788257114,1.0,445.0,0.0179266929626464,0.0007516728359908,107020288,0.064131043628613,1386516480,12.0,12.0,0.0,0,none
1788257119,1.0,446.0,0.0158290863037109,0.0007985727825165,107274240,0.0639059056022949,1387032576,12.0,12.0,0.0,0,none
1788257124,1.0,447.0,0.0135555267333984,0.0007714984181765,107778048,0.0637870422939094,1386512384,12.0,12.0,0.0,0,none
1788257129,1.0,448.0,0.0149328708648681,0.000762015629794,107266048,0.0426734147766822,1500155904,12.0,12.0,0.0,0,none
1788257134,1.0,449.0,0.0167043209075927,0.0007563163676309,107274240,0.0640270443771528,1388187648,12.0,12.0,0.0,0,none
1788257139,1.0,450.0,0.009688377380371,0.0007660981115849,107270144,0.0601673813416256,1387151360,12.0,12.0,0.0,0,none
1788257144,1.0,451.0,0.0103561878204345,0.0007572145322563,107020288,0.064387172148457,1388384256,12.0,12.0,0.0,0,none
1788257149,1.0,452.0,0.0167162418365478,0.0007480560439361,107278336,0.0623388480981119,1386291200,12.0,12.0,0.0,0,none
1788257154,1.0,453.0,0.0175223350524902,0.0007468855263861,107036672,0.063966148080667,1386811392,12.0,12.0,0.0,0,none
1788257159,1.0,454.0,0.0189812183380126,0.0007578816472825,107257856,0.0627128515003627,1386545152,12.0,12.0,0.0,0,none
1788257164,1.0,455.0,0.0179684162139892,0.0007559778161651,107024384,0.0640309944718454,1386545152,12.0,12.0,0.0,0,none
1788257169,1.0,456.0,0.0184812545776367,0.0007943118894755,107532288,0.0614469446769276,1387065344,12.0,12.0,0.0,0,none
1788257174,1.0,457.0,0.0171620845794677,0.0007792637903576,107528192,0.0641228379053959,1387089920,12.0,12.0,0.0,0,none
1788257179,1.0,458.0,0.016956090927124,0.0007972385301152,107528192,0.064578611461572,1386545152,12.0,12.0,0.0,0,none
1788257184,1.0,459.0,0.0114810466766357,0.0008253704042436,107016192,0.0517896760417894,1386295296,12.0,12.0,0.0,0,none
1788257189,1.0,460.0,0.0133318901062011,0.0008034169511115,107020288,0.0450705131914308,1388519424,12.0,12.0,0.0,0,none
1788257194,1.0,461.0,0.0176210403442382,0.0007927272067099,107274240,0.0652660585371419,1386590208,12.0,12.0,0.0,0,none
1788257199,1.0,462.0,0.0098850727081298,0.0008182992974409,107528192,0.0618759940757924,1386328064,12.0,12.0,0.0,0,none
1788257204,1.0,463.0,0.0166151523590087,0.0008170499646604,107520000,0.0668019680781554,1387126784,12.0,12.0,0.0,0,none
1788257209,1.0,464.0,0.0174274444580078,0.0007904287138584,107016192,0.0649967652084353,1386594304,12.0,12.0,0.0,0,none
1788257214,1.0,465.0,0.0156095027923583,0.0007927793633769,107528192,0.0655490703220404,1386328064,12.0,12.0,0.0,0,none
1788257219,1.0,466.0,0.0124850273132324,0.0007988033743357,107020288,0.064897909821679,1386332160,12.0,12.0,0.0,0,none
1788257224,1.0,467.0,0.0154335498809814,0.0007587774238574,107020288,0.0649303125058109,1386332160,12.0,12.0,0.0,0,none
1788257229,1.0,468.0,0.0184741020202636,0.0007549046346297,107020288,0.0622204900115657,1386852352,12.0,12.0,0.0,0,none
1788257234,1.0,469.0,0.0154221057891845,0.0007541714243618,107020288,0.0643389315048862,1386754048,12.0,12.0,0.0,0,none
1788257239,1.0,470.0,0.0157697200775146,0.000729334005691,107020288,0.0636464369294143,1386856448,12.0,12.0,0.0,0,none
1788257244,1.0,471.0,0.0158467292785644,0.0007475197699496,107016192,0.0494737651689151,1386074112,12.0,12.0,0.0,0,none
1788257249,1.0,472.0,0.0113301277160644,0.0007566342925226,107016192,0.0290882693181063,1386856448,12.0,12.0,0.0,0,none
1788257254,1.0,473.0,0.0151114463806152,0.0007235379239755,107016192,0.0639883821419153,1388048384,12.0,12.0,0.0,0,none
1788257259,1.0,474.0,0.0102567672729492,0.0006726683947884,107016192,0.0608222931719168,1386975232,12.0,12.0,0.0,0,none
1788257264,1.0,475.0,0.0175611972808837,0.0007877090814371,107270144,0.0639774224075035,1387319296,12.0,12.0,0.0,0,none
1788257269,1.0,476.0,0.0154087543487548,0.0007674034438798,107270144,0.0641269854663974,1386647552,12.0,12.0,0.0,0,none
1788257274,1.0,477.0,0.0161888599395751,0.000776012995217,107016192,0.0642242660182691,1387683840,12.0,12.0,0.0,0,none
1788257279,1.0,478.0,0.0145192146301269,0.0007969009614487,107520000,0.0642159159605711,1386389504,12.0,12.0,0.0,0,none
1788257284,1.0,479.0,0.0170283317565917,0.0007665055782117,107270144,0.0645498243302011,1387175936,12.0,12.0,0.0,0,none
1788257289,1.0,480.0,0.0153295993804931,0.0007774909931709,107786240,0.0624078257462434,1386119168,12.0,12.0,0.0,0,none
1788257294,1.0,481.0,0.01165771484375,0.0007954532934241,107278336,0.0649004482317553,1386389504,12.0,12.0,0.0,0,none
1788257299,1.0,482.0,0.0169858932495117,0.0007731238772592,107515904,0.0648962531871553,1386397696,12.0,12.0,0.0,0,none
1788257304,1.0,483.0,0.0171809196472167,0.000768249041446,107257856,0.0654717913321226,1386659840,12.0,12.0,0.0,0,none
1788257309,1.0,484.0,0.009709358215332,0.0007526665500961,107020288,0.0395045913178221,1497739264,12.0,12.0,0.0,0,none
1788257314,1.0,485.0,0.0149857997894287,0.0006467266666666,107020288,0.0655846831037072,1386344448,12.0,12.0,0.0,0,none
1788257319,1.0,486.0,0.0113320350646972,0.0007611138339777,107282432,0.0625605614277478,1387200512,12.0,12.0,0.0,0,none
1788257324,1.0,487.0,0.0099294185638427,0.0007444763244942,107524096,0.0636300630290934,1388089344,12.0,12.0,0.0,0,none
1788257329,1.0,488.0,0.0115430355072021,0.0007135951769406,107524096,0.063517901064932,1387524096,12.0,12.0,0.0,0,none
1788257334,1.0,489.0,0.014505386352539,0.0007043355544043,107270144,0.0636419019028612,1387491328,12.0,12.0,0.0,0,none
1788257339,1.0,490.0,0.0140283107757568,0.0007190774914497,107024384,0.0628379283475392,1386958848,12.0,12.0,0.0,0,none
1788257344,1.0,491.0,0.0103833675384521,0.0006873581582817,107286528,0.0620924898753875,1386971136,12.0,12.0,0.0,0,none
1788257349,1.0,492.0,0.0099694728851318,0.0006816106496506,107544576,0.0581954279100796,1386180608,12.0,12.0,0.0,0,none
1788257354,1.0,493.0,0.0112004280090332,0.0006669550952715,107278336,0.0612169162222467,1387585536,12.0,12.0,0.0,0,none
1788257359,1.0,494.0,0.0108685493469238,0.0006552314064469,107532288,0.059902904644618,1386446848,12.0,12.0,0.0,0,none
1788257364,1.0,495.0,0.0143332481384277,0.0006234343075419,107536384,0.0506137880200584,1386713088,12.0,12.0,0.0,0,none
1788257369,1.0,496.0,0.0100331306457519,0.000583676426225,107020288,0.0405261159586037,1461829632,12.0,12.0,0.0,0,none
1788257374,1.0,497.0,0.01239013671875,0.0006032200728226,107020288,0.0602470912148905,1388728320,12.0,12.0,0.0,0,none
1788257379,1.0,498.0,0.0123102664947509,0.0005692319505048,107020288,0.0572803444874803,1386692608,12.0,12.0,0.0,0,none
1788257384,1.0,499.0,0.0113530158996582,0.0006285896385322,107278336,0.0599374699190483,1386762240,12.0,12.0,0.0,0,none
1788257389,1.0,500.0,0.0132789611816406,0.0006250743900019,107024384,0.0592864090693706,1386209280,12.0,12.0,0.0,0,none
1788257394,1.0,501.0,0.0100493431091308,0.0006347369588524,107024384,0.0593335471347729,1387499520,12.0,12.0,0.0,0,none
1788257399,1.0,502.0,0.0128514766693115,0.0006184697618144,107274240,0.0590343068428898,1386987520,12.0,12.0,0.0,0,none
1788257404,1.0,503.0,0.0105025768280029,0.0006289010366199,108314624,0.0594620931888753,1387241472,12.0,12.0,0.0,0,none
1788257409,1.0,504.0,0.0100798606872558,0.0006320975982254,107274240,0.0564564223538334,1386467328,12.0,12.0,0.0,0,none
1788257414,1.0,505.0,0.0105538368225097,0.0006371389875178,107786240,0.0586547582779989,1387798528,12.0,12.0,0.0,0,none
1788257419,1.0,506.0,0.0102908611297607,0.0006411486785766,107237376,0.0584808046675263,1387765760,12.0,12.0,0.0,0,none
1788257424,1.0,507.0,0.0115349292755126,0.0006278818311769,107040768,0.0409384530067626,1387249664,12.0,12.0,0.0,0,none
1788257429,1.0,508.0,0.0098366737365722,0.000624790161302,107524096,0.0329989905343393,1596440576,12.0,12.0,0.0,0,none
1788257434,1.0,509.0,0.0100257396697998,0.0005823322833006,107778048,0.0564206526435512,1387675648,12.0,12.0,0.0,0,none
1788257439,1.0,510.0,0.0104527473449707,0.000622341783695,107757568,0.0527533051223907,1386610688,12.0,12.0,0.0,0,none
1788257444,1.0,511.0,0.0095386505126953,0.0006222914784148,107782144,0.0533787878279532,1387278336,12.0,12.0,0.0,0,none
1788257449,1.0,512.0,0.0099165439605712,0.000573125223644,107520000,0.0555371372923067,1387565056,12.0,12.0,0.0,0,none
1788257454,1.0,513.0,0.0101289749145507,0.0005533394337782,107520000,0.0551405833639444,1387556864,12.0,12.0,0.0,0,none
1788257459,1.0,514.0,0.0116586685180664,0.0005611022228273,107278336,0.0551950482229985,1387286528,12.0,12.0,0.0,0,none
1788257464,1.0,515.0,0.0096633434295654,0.0005351064180446,107278336,0.0539104793607525,1386254336,12.0,12.0,0.0,0,none
1788257469,1.0,515.0,0.0096633434295654,0.0006055645883191,107810816,0.0514241904771521,1387560960,12.0,12.0,0.0,0,none
1788257474,1.0,516.0,0.0101726055145263,0.0005722866611433,107024384,0.0520013368754074,1387290624,12.0,12.0,0.0,0,none
1788257479,1.0,517.0,0.0100834369659423,0.0005461662068471,107024384,0.054682637381583,1387036672,12.0,12.0,0.0,0,none
1788257484,1.0,518.0,0.0096364021301269,0.0006047297297297,107765760,0.0427165232522055,1387290624,12.0,12.0,0.0,0,none
1788257489,1.0,519.0,0.01025390625,0.0006074302377085,108310528,0.0209826540336923,1406423040,12.0,12.0,0.0,0,none
1788257494,1.0,520.0,0.0097846984863281,0.0005635344568161,107278336,0.0538554459559754,1387909120,12.0,12.0,0.0,0,none
1788257499,1.0,521.0,0.0096833705902099,0.0006015744587797,108048384,0.0536391914145786,1387855872,12.0,12.0,0.0,0,none
1788257504,1.0,522.0,0.0096158981323242,0.0006053364609294,108314624,0.0532638327452092,1388490752,12.0,12.0,0.0,0,none
1788257509,1.0,523.0,0.0099194049835205,0.0005563347477406,108290048,0.0532826090124358,1387294720,12.0,12.0,0.0,0,none
1788257514,1.0,524.0,0.0098729133605957,0.00060886733888,108302336,0.0538585955567556,1386815488,12.0,12.0,0.0,0,none
1788257519,1.0,525.0,0.0097413063049316,0.0005500053293131,108032000,0.0545832855968327,1387585536,12.0,12.0,0.0,0,none
1788257524,1.0,526.0,0.0105936527252197,0.0005612437131647,107282432,0.0545532385989631,1386811392,12.0,12.0,0.0,0,none
1788257529,1.0,527.0,0.012099266052246,0.0005272620417365,107282432,0.0547631321316934,1387327488,12.0,12.0,0.0,0,none
1788257534,1.0,528.0,0.0099878311157226,0.0005595135112143,108552192,0.0522218978513291,1387327488,12.0,12.0,0.0,0,none
1788257539,1.0,529.0,0.0107562541961669,0.0005996737357259,108298240,0.0547797870268133,1387409408,12.0,12.0,0.0,0,none
1788257544,1.0,530.0,0.0111231803894042,0.0005819797894291,107794432,0.0534928211760192,1387065344,12.0,12.0,0.0,0,none
1788257549,1.0,531.0,0.0142757892608642,0.0006410193836285,107532288,0.035140926664821,1500848128,12.0,12.0,0.0,0,none
1788257554,1.0,532.0,0.0173480510711669,0.0006332731213872,107569152,0.0572219956212803,1387409408,12.0,12.0,0.0,0,none
1788257559,1.0,533.0,0.0141074657440185,0.0006490568778025,107786240,0.0555248768175601,1387085824,12.0,12.0,0.0,0,none
1788257564,1.0,534.0,0.0157368183135986,0.0006644224662008,107024384,0.0571059204478493,1386827776,12.0,12.0,0.0,0,none
1788257569,1.0,535.0,0.0157914161682128,0.0006876573850975,107270144,0.0602717514709509,1387499520,12.0,12.0,0.0,0,none
1788257574,1.0,536.0,0.0163338184356689,0.0007185563450669,107282432,0.0601619338779074,1386835968,12.0,12.0,0.0,0,none
1788257579,1.0,537.0,0.0152783393859863,0.0007019609895669,107278336,0.0614641554818549,1387106304,12.0,12.0,0.0,0,none
1788257584,1.0,538.0,0.0177223682403564,0.0006215183333333,107278336,0.0610830617866367,1387106304,12.0,12.0,0.0,0,none
1788257589,1.0,539.0,0.0185589790344238,0.0007397883816001,107024384,0.0621504463609127,1386582016,12.0,12.0,0.0,0,none
1788257594,1.0,540.0,0.0177786350250244,0.000769981420708,107274240,0.0617244266026804,1386848256,12.0,12.0,0.0,0,none
1788257599,1.0,541.0,0.0173685550689697,0.0007542422338104,107274240,0.0644121609518957,1387106304,12.0,12.0,0.0,0,none
1788257604,1.0,542.0,0.016789436340332,0.0008181705084685,107524096,0.0513059396539433,1386844160,12.0,12.0,0.0,0,none
1788257609,1.0,543.0,0.015547752380371,0.000752501071326,107524096,0.0310286199878701,1386852352,12.0,12.0,0.0,0,none
1788257614,1.0,544.0,0.0178730487823486,0.0008363115366817,107528192,0.0658858473339192,1387487232,12.0,12.0,0.0,0,none
1788257619,1.0,545.0,0.015897512435913,0.0008742938116458,107806720,0.0658048186481304,1386901504,12.0,12.0,0.0,0,none
1788257624,1.0,546.0,0.0164554119110107,0.0008123910162516,107532288,0.0624491002270566,1386901504,12.0,12.0,0.0,0,none
1788257629,1.0,547.0,0.0165300369262695,0.0007567032607793,107532288,0.0662730085983656,1387106304,12.0,12.0,0.0,0,none
1788257634,1.0,548.0,0.0183491706848144,0.0008480475230568,107520000,0.0662531336586702,1386381312,12.0,12.0,0.0,0,none
1788257639,1.0,549.0,0.0145611763000488,0.0007300297615573,107024384,0.0663918400072958,1386643456,12.0,12.0,0.0,0,none
1788257644,1.0,550.0,0.0160868167877197,0.0007849031969902,107274240,0.0671924751843139,1386647552,12.0,12.0,0.0,0,none
1788257649,1.0,551.0,0.0150783061981201,0.0007771029247875,107274240,0.0652169749889983,1386647552,12.0,12.0,0.0,0,none
1788257654,1.0,552.0,0.0155484676361083,0.0007615523402845,108589056,0.0637224233258296,1387167744,12.0,12.0,0.0,0,none
1788257659,1.0,553.0,0.0148897171020507,0.00080768601204,107544576,0.0659137138024421,1387188224,12.0,12.0,0.0,0,none
1788257664,1.0,554.0,0.0100245475769042,0.0007229730215164,107319296,0.0634606927707732,1387720704,12.0,12.0,0.0,0,none
1788257669,1.0,555.0,0.0122578144073486,0.0007811771669564,107827200,0.0298885058659909,1387184128,12.0,12.0,0.0,0,none
1788257674,1.0,556.0,0.017578125,0.0007103289413065,107520000,0.0630512971074871,1387507712,12.0,12.0,0.0,0,none
1788257679,1.0,557.0,0.0183732509613037,0.0007389173573614,107024384,0.0642952680676823,1387302912,12.0,12.0,0.0,0,none
1788257684,1.0,558.0,0.0119678974151611,0.0006221783333333,107024384,0.0611913960400105,1387986944,12.0,12.0,0.0,0,none
1788257689,1.0,559.0,0.0144410133361816,0.000750791283152,107773952,0.0633368763140109,1386946560,12.0,12.0,0.0,0,none
1788257694,1.0,560.0,0.0159358978271484,0.0007988984606694,107782144,0.0632921194779163,1386942464,12.0,12.0,0.0,0,none
1788257699,1.0,561.0,0.0184497833251953,0.0007735852216583,107302912,0.0627507490105966,1386954752,12.0,12.0,0.0,0,none
1788257704,1.0,562.0,0.0176177024841308,0.0006788574154942,107302912,0.0625738172710799,1387212800,12.0,12.0,0.0,0,none
1788257709,1.0,563.0,0.0174713134765625,0.0008055429679711,108310528,0.0631181946176861,1387204608,12.0,12.0,0.0,0,none
1788257714,1.0,564.0,0.0106613636016845,0.0007921587151629,107827200,0.060124208756105,1387208704,12.0,12.0,0.0,0,none
1788257719,1.0,565.0,0.0113027095794677,0.0007470148363908,107024384,0.0632887351023309,1387954176,12.0,12.0,0.0,0,none
1788257724,1.0,566.0,0.0104000568389892,0.0007444440592171,107274240,0.0626320404621734,1386950656,12.0,12.0,0.0,0,none
1788257729,1.0,567.0,0.0097277164459228,0.0007495665770924,107274240,0.0427611977755761,1388412928,12.0,12.0,0.0,0,none
1788257734,1.0,568.0,0.0155971050262451,0.0007588461044088,108072960,0.0633055731933585,1386917888,12.0,12.0,0.0,0,none
1788257739,1.0,569.0,0.0092198848724365,0.000684735876782,107794432,0.0630321488435438,1387032576,12.0,12.0,0.0,0,none
1788257744,1.0,570.0,0.0107204914093017,0.0007182901063674,108068864,0.0611744666948116,1387810816,12.0,12.0,0.0,0,none
1788257749,1.0,571.0,0.0157995223999023,0.000688581922989,107286528,0.0647309235580073,1386762240,12.0,12.0,0.0,0,none
1788257754,1.0,572.0,0.011427879333496,0.0006852471503429,107286528,0.0641371532129164,1387290624,12.0,12.0,0.0,0,none
1788257759,1.0,573.0,0.0185625553131103,0.0005429568769848,107024384,0.0652953054128405,1387286528,12.0,12.0,0.0,0,none
1788257764,1.0,574.0,0.0131137371063232,0.0006309357660755,107278336,0.0642625128043619,1387536384,12.0,12.0,0.0,0,none
1788257769,1.0,575.0,0.0171513557434082,0.0006102321264893,107278336,0.0644493840775075,1387286528,12.0,12.0,0.0,0,none
1788257774,1.0,576.0,0.016608715057373,0.0007554623193301,108044288,0.0624030097046958,1387020288,12.0,12.0,0.0,0,none
1788257779,1.0,577.0,0.0179636478424072,0.0007051430557164,107524096,0.0654756296037162,1386872832,12.0,12.0,0.0,0,none
1788257784,1.0,578.0,0.0164828300476074,0.0006683134551699,107782144,0.0521620533525639,1386807296,12.0,12.0,0.0,0,none
1788257789,1.0,579.0,0.0107622146606445,0.0007142039740611,107270144,0.0533466356575334,1526108160,12.0,12.0,0.0,0,none
1788257794,1.0,580.0,0.0149872303009033,0.0006897114224655,107270144,0.0648407293803358,1387999232,12.0,12.0,0.0,0,none
1788257799,1.0,581.0,0.0157527923583984,0.0007714068110107,107270144,0.0640192320753545,1387753472,12.0,12.0,0.0,0,none
1788257804,1.0,582.0,0.0179831981658935,0.0007385418449426,107270144,0.0619888747286849,1388007424,12.0,12.0,0.0,0,none
1788257809,1.0,583.0,0.017524242401123,0.0007641103922808,107773952,0.0642958598065143,1387290624,12.0,12.0,0.0,0,none
1788257814,1.0,584.0,0.0097041130065917,0.0007849159642487,107278336,0.0643685537210317,1387061248,12.0,12.0,0.0,0,none
1788257819,1.0,585.0,0.0172271728515625,0.000714981386079,107278336,0.0642011458890407,1387323392,12.0,12.0,0.0,0,none
1788257824,1.0,586.0,0.0177781581878662,0.0006663008351385,107278336,0.0652667747932001,1387327488,12.0,12.0,0.0,0,none
1788257829,1.0,587.0,0.0162742137908935,0.0006882561671037,107278336,0.0649534832458228,1387323392,12.0,12.0,0.0,0,none
1788257834,1.0,588.0,0.0111773014068603,0.0007774330353044,107278336,0.0608212423961098,1387843584,12.0,12.0,0.0,0,none
1788257839,1.0,589.0,0.0186479091644287,0.0007572395128552,107024384,0.063191736774761,1386582016,12.0,12.0,0.0,0,none
1788257844,1.0,590.0,0.0177171230316162,0.0007509238582692,107024384,0.0411951622627802,1386823680,12.0,12.0,0.0,0,none
1788257849,1.0,591.0,0.012214183807373,0.0006638132950504,107528192,0.0300372870722886,1387081728,12.0,12.0,0.0,0,none
1788257854,1.0,592.0,0.0181026458740234,0.0006875566746099,107528192,0.0643295200981112,1388003328,12.0,12.0,0.0,0,none
1788257859,1.0,593.0,0.017587661743164,0.000689077931324,107282432,0.0636831115417182,1387356160,12.0,12.0,0.0,0,none
1788257864,1.0,594.0,0.0155348777770996,0.0007563919556222,107540480,0.0622108749487319,1387876352,12.0,12.0,0.0,0,none
1788257869,1.0,595.0,0.019923448562622,0.0008023868342657,108056576,0.0648022378115898,1387368448,12.0,12.0,0.0,0,none
1788257874,1.0,596.0,0.0156123638153076,0.0006797457426982,108056576,0.0643876121023528,1387237376,12.0,12.0,0.0,0,none
1788257879,1.0,597.0,0.0178818702697753,0.0007463509343688,107282432,0.0633136199293979,1387745280,12.0,12.0,0.0,0,none
1788257884,1.0,598.0,0.0169956684112548,0.0007818482580541,107282432,0.0634911176641445,1386844160,12.0,12.0,0.0,0,none
1788257889,1.0,599.0,0.0105650424957275,0.0007717267105793,107286528,0.0647054813369941,1387098112,12.0,12.0,0.0,0,none
1788257894,1.0,600.0,0.01768159866333,0.0007780782866123,107286528,0.0631323880077625,1387110400,12.0,12.0,0.0,0,none
1788257899,1.0,601.0,0.0141232013702392,0.0007461056080597,107028480,0.0645884571488243,1387118592,12.0,12.0,0.0,0,none
1788257904,1.0,602.0,0.0111591815948486,0.0007990527862962,107282432,0.0647844101450681,1386852352,12.0,12.0,0.0,0,none
1788257909,1.0,603.0,0.0102040767669677,0.0007694838676758,107024384,0.0404531105193514,1513074688,12.0,12.0,0.0,0,none
1788257914,1.0,604.0,0.0124030113220214,0.0007782257448195,107024384,0.0774481492832149,1388445696,12.0,12.0,0.0,0,none
1788257919,1.0,605.0,0.0171611309051513,0.000785553666429,107028480,0.0774254468834259,1388564480,12.0,12.0,0.0,0,none
1788257924,1.0,606.0,0.0176212787628173,0.0008215939976266,107814912,0.0754985069198065,1388040192,12.0,12.0,0.0,0,none
1788257929,1.0,607.0,0.0165200233459472,0.0008458501866832,107798528,0.0793145322169933,1387458560,12.0,12.0,0.0,0,none
1788257934,1.0,608.0,0.0155394077301025,0.0008402904777969,108085248,0.078821727783038,1387556864,12.0,12.0,0.0,0,none
1788257939,1.0,609.0,0.0096752643585205,0.0006847984915871,107032576,0.078849675055417,1386774528,12.0,12.0,0.0,0,none
1788257944,1.0,610.0,0.0166494846343994,0.0007705145785219,108060672,0.0791288519626001,1387298816,12.0,12.0,0.0,0,none
1788257949,1.0,611.0,0.0121212005615234,0.0007663937225469,108331008,0.0775494129201277,1387302912,12.0,12.0,0.0,0,none
1788257954,1.0,612.0,0.0180883407592773,0.0008180910080091,108064768,0.0764788072229796,1387298816,12.0,12.0,0.0,0,none
1788257959,1.0,613.0,0.0176954269409179,0.000787269824013,107286528,0.078379521060906,1386827776,12.0,12.0,0.0,0,none
1788257964,1.0,614.0,0.0151286125183105,0.0007461034176569,107286528,0.069605767877663,1387040768,12.0,12.0,0.0,0,none
1788257969,1.0,615.0,0.0103342533111572,0.0007571419699826,107560960,0.0474341018796883,1409470464,11.0,11.0,0.0,0,none
1788257974,1.0,616.0,0.0177795886993408,0.0007705599654409,107028480,0.0667922412064548,1388617728,11.0,11.0,0.0,0,none
1788257979,1.0,617.0,0.0167548656463623,0.000768433915121,108322816,0.0654612972426952,1387749376,11.0,11.0,0.0,0,none
1788257984,1.0,618.0,0.0178761482238769,0.0007164725083009,107028480,0.063167547510923,1387487232,11.0,11.0,0.0,0,none
1788257989,1.0,619.0,0.0108780860900878,0.0007573823982597,108044288,0.0667001049573055,1388326912,11.0,11.0,0.0,0,none
1788257994,1.0,620.0,0.0117599964141845,0.000752390556626,107532288,0.0671538298849399,1387585536,11.0,11.0,0.0,0,none
1788257999,1.0,621.0,0.0145368576049804,0.0007065229552828,107028480,0.0656708755815404,1387585536,11.0,11.0,0.0,0,none
1788258004,1.0,622.0,0.0132408142089843,0.0007040653720723,107786240,0.0668903883198921,1387581440,11.0,11.0,0.0,0,none
1788258009,1.0,623.0,0.0158157348632812,0.0006915179571417,107528192,0.0668626100868992,1387585536,11.0,11.0,0.0,0,none
1788258014,1.0,624.0,0.0165555477142334,0.0007276788107277,107028480,0.0641659364245893,1387855872,11.0,11.0,0.0,0,none
1788258019,1.0,625.0,0.0170183181762695,0.0007003036996134,107032576,0.0672007740153353,1388769280,11.0,11.0,0.0,0,none
1788258024,1.0,626.0,0.0178887844085693,0.000718218082706,107286528,0.0521734413081572,1387642880,11.0,11.0,0.0,0,none
1788258029,1.0,627.0,0.0095942020416259,0.0007514319068986,107270144,0.048778118040789,1462341632,12.0,12.0,0.0,0,none
1788258034,1.0,628.0,0.0167315006256103,0.0006638846182004,107544576,0.0675495058791099,1387864064,12.0,12.0,0.0,0,none
1788258039,1.0,629.0,0.0171320438385009,0.000721455613346,107278336,0.0671263311084778,1387626496,12.0,12.0,0.0,0,none
1788258044,1.0,630.0,0.0155501365661621,0.0006862648760781,107032576,0.0645265842764009,1388929024,12.0,12.0,0.0,0,none
1788258049,1.0,631.0,0.0174384117126464,0.0007492584822397,107032576,0.0668129379074531,1388437504,12.0,12.0,0.0,0,none
1788258054,1.0,632.0,0.0176448822021484,0.0007863350642251,107032576,0.0697888987181776,1387503616,12.0,12.0,0.0,0,none
1788258059,1.0,633.0,0.0176632404327392,0.0008010299710661,107802624,0.0694762477049641,1387462656,12.0,12.0,0.0,0,none
1788258064,1.0,634.0,0.0172953605651855,0.0008196857804807,107790336,0.0684607593534544,1387720704,12.0,12.0,0.0,0,none
1788258069,1.0,635.0,0.0172169208526611,0.000860676220103,107294720,0.0694775405812621,1387716608,12.0,12.0,0.0,0,none
1788258074,1.0,636.0,0.0173621177673339,0.000881272676528,107294720,0.0665013940396906,1388244992,12.0,12.0,0.0,0,none
1788258079,1.0,637.0,0.0179488658905029,0.0008666473873515,107544576,0.0693752869390991,1387954176,12.0,12.0,0.0,0,none
1788258084,1.0,638.0,0.0189971923828125,0.0008716760930065,107794432,0.0528855381053347,1387216896,12.0,12.0,0.0,0,none
1788258089,1.0,639.0,0.0091073513031005,0.0009177994357527,108036096,0.0354028217214575,1387479040,12.0,12.0,0.0,0,none
1788258094,1.0,640.0,0.0195715427398681,0.0008895602982771,107532288,0.0684731297060923,1388453888,12.0,12.0,0.0,0,none
1788258099,1.0,641.0,0.0176994800567626,0.0008900020220216,107810816,0.0696462937942104,1388171264,12.0,12.0,0.0,0,none
1788258104,1.0,642.0,0.0177381038665771,0.0008949973708545,107761664,0.0663340325032697,1387388928,12.0,12.0,0.0,0,none
1788258109,1.0,643.0,0.0179388523101806,0.0008916476923632,107548672,0.0668411689081314,1387589632,12.0,12.0,0.0,0,none
1788258114,1.0,644.0,0.0191419124603271,0.000897026123113,107294720,0.0666290561411671,1387700224,12.0,12.0,0.0,0,none
1788258119,1.0,645.0,0.010223388671875,0.0009049125386864,107290624,0.0678619249089719,1387696128,12.0,12.0,0.0,0,none
1788258124,1.0,646.0,0.0096192359924316,0.0007969620131068,107290624,0.0674962778408142,1387679744,12.0,12.0,0.0,0,none
1788258129,1.0,647.0,0.0094318389892578,0.0007750101736931,107544576,0.0668756737553698,1387425792,12.0,12.0,0.0,0,none
1788258134,1.0,648.0,0.0095241069793701,0.0008069083385805,108048384,0.0644910824872264,1387683840,12.0,12.0,0.0,0,none
1788258139,1.0,649.0,0.010995864868164,0.0007752863802262,107044864,0.0673919662847071,1427820544,12.0,12.0,0.0,0,none
1788258144,1.0,650.0,0.0179383754730224,0.0007608055997222,107044864,0.0669973374693235,1387900928,12.0,12.0,0.0,0,none
1788258149,1.0,651.0,0.0090529918670654,0.0007798300303645,107307008,0.0343326412541654,1387642880,12.0,12.0,0.0,0,none
1788258154,1.0,652.0,0.0179648399353027,0.000751539783714,107307008,0.0666452351225659,1388261376,12.0,12.0,0.0,0,none
1788258159,1.0,653.0,0.01576828956604,0.0007530395823171,107560960,0.0678217715711909,1388249088,12.0,12.0,0.0,0,none
1788258164,1.0,654.0,0.0161917209625244,0.0007342430149447,107302912,0.0653198411728394,1387982848,12.0,12.0,0.0,0,none
1788258169,1.0,655.0,0.0168266296386718,0.0007021515135337,107044864,0.0656040207480012,1387466752,12.0,12.0,0.0,0,none
1788258174,1.0,656.0,0.0163061618804931,0.0006926868327402,107044864,0.0674654871422482,1387470848,12.0,12.0,0.0,0,none
1788258179,1.0,657.0,0.0174019336700439,0.0007033206109947,107294720,0.0683584513842315,1387724800,12.0,12.0,0.0,0,none
1788258184,1.0,658.0,0.0182173252105712,0.0007674153376377,107282432,0.0679025918631285,1387982848,12.0,12.0,0.0,0,none
1788258189,1.0,659.0,0.0178213119506835,0.0007787113831444,107302912,0.0686511922569191,1388511232,12.0,12.0,0.0,0,none
1788258194,1.0,660.0,0.0161764621734619,0.00080677830506,107298816,0.0662808132168129,1387212800,12.0,12.0,0.0,0,none
1788258199,1.0,661.0,0.0105350017547607,0.0007935930428609,107044864,0.0648652198673417,1387466752,12.0,12.0,0.0,0,none
1788258204,1.0,662.0,0.0184051990509033,0.0007862367626187,107044864,0.0667295059533633,1387732992,12.0,12.0,0.0,0,none
1788258209,1.0,663.0,0.0100581645965576,0.000830242825607,107298816,0.0339966284412074,1387737088,12.0,12.0,0.0,0,none
1788258214,1.0,664.0,0.0176260471343994,0.0008054620761066,107552768,0.0668950812211946,1387937792,12.0,12.0,0.0,0,none
1788258219,1.0,665.0,0.0173878669738769,0.0008014477017734,107302912,0.0669808788505431,1388457984,12.0,12.0,0.0,0,none
1788258224,1.0,666.0,0.0096571445465087,0.0008200679402418,108072960,0.0664764125157441,1388224512,12.0,12.0,0.0,0,none
1788258229,1.0,667.0,0.0177772045135498,0.0007926931334376,108060672,0.0649009233900924,1388003328,12.0,12.0,0.0,0,none
1788258234,1.0,668.0,0.0133399963378906,0.000775751788256,108322816,0.0655614056423853,1387515904,12.0,12.0,0.0,0,none
1788258239,1.0,669.0,0.0181381702423095,0.0007689380899751,107544576,0.065181902419092,1387515904,12.0,12.0,0.0,0,none
1788258244,1.0,670.0,0.0178070068359375,0.000806601312062,108298240,0.0639247024400001,1387790336,12.0,12.0,0.0,0,none
1788258249,1.0,671.0,0.0121240615844726,0.0008040124318389,107794432,0.063847618970032,1387782144,12.0,12.0,0.0,0,none
1788258254,1.0,672.0,0.0100848674774169,0.0008038773752588,107294720,0.0642447967396973,1388281856,12.0,12.0,0.0,0,none
1788258259,1.0,673.0,0.0157885551452636,0.0008075554338899,107053056,0.0607470527607885,1386971136,12.0,12.0,0.0,0,none
1788258264,1.0,674.0,0.0142865180969238,0.0007966004618937,107311104,0.0634629490442646,1387724800,12.0,12.0,0.0,0,none
1788258269,1.0,675.0,0.0148484706878662,0.0007797209005042,107302912,0.0296046555155519,1387761664,12.0,12.0,0.0,0,none
1788258274,1.0,676.0,0.0139966011047363,0.0007829488247437,107552768,0.0631206617291837,1388539904,12.0,12.0,0.0,0,none
1788258279,1.0,677.0,0.0183393955230712,0.000795799887997,107810816,0.0635491842531693,1388302336,12.0,12.0,0.0,0,none
1788258284,1.0,678.0,0.0173084735870361,0.0007951628646831,107307008,0.0630773175427119,1387257856,12.0,12.0,0.0,0,none
1788258289,1.0,679.0,0.0171735286712646,0.0007995987274962,107307008,0.0618020827747261,1388568576,12.0,12.0,0.0,0,none
1788258294,1.0,680.0,0.017162799835205,0.0008134921349934,107307008,0.0654136506686871,1387794432,12.0,12.0,0.0,0,none
1788258299,1.0,681.0,0.0168259143829345,0.0008023856502242,107311104,0.0655818730383691,1387536384,12.0,12.0,0.0,0,none
1788258304,1.0,682.0,0.0180656909942626,0.0008115091861155,107810816,0.0658717433007667,1388322816,12.0,12.0,0.0,0,none
1788258309,1.0,683.0,0.0096642971038818,0.0008480046399371,107552768,0.0654564041279226,1387016192,12.0,12.0,0.0,0,none
1788258314,1.0,684.0,0.0153217315673828,0.0008211470904093,107311104,0.0646099931091106,1388056576,12.0,12.0,0.0,0,none
1788258319,1.0,685.0,0.0165016651153564,0.0008206294276448,107298816,0.0620784158747101,1388052480,12.0,12.0,0.0,0,none
1788258324,1.0,686.0,0.0180556774139404,0.0008186596820809,107573248,0.0646529353313066,1387282432,12.0,12.0,0.0,0,none
1788258329,1.0,687.0,0.0097429752349853,0.0008470201609925,107823104,0.0316076920529582,1387536384,12.0,12.0,0.0,0,none
1788258334,1.0,688.0,0.0165469646453857,0.000816831056013,107560960,0.0649607364889567,1388785664,12.0,12.0,0.0,0,none
1788258339,1.0,689.0,0.0163335800170898,0.0008533772962788,107294720,0.0649639828644208,1388797952,12.0,12.0,0.0,0,none
1788258344,1.0,690.0,0.0175068378448486,0.0008241621996134,107061248,0.0638939939049422,1388281856,12.0,12.0,0.0,0,none
1788258349,1.0,691.0,0.0189659595489501,0.000829266940224,107573248,0.0616051926585433,1388568576,12.0,12.0,0.0,0,none
1788258354,1.0,692.0,0.017500877380371,0.000826544866375,107552768,0.0642675105367512,1388015616,12.0,12.0,0.0,0,none
1788258359,1.0,693.0,0.0149810314178466,0.0008085407188559,107790336,0.0629496717804113,1388302336,12.0,12.0,0.0,0,none
1788258364,1.0,694.0,0.0171098709106445,0.0007929656845259,107819008,0.0637168286163836,1387524096,12.0,12.0,0.0,0,none
1788258369,1.0,695.0,0.0180230140686035,0.0008339844824739,108068864,0.065289633216634,1388310528,12.0,12.0,0.0,0,none
1788258374,1.0,696.0,0.018000841140747,0.0008278793711902,107814912,0.0638846471004823,1387528192,12.0,12.0,0.0,0,none
1788258379,1.0,697.0,0.0208752155303955,0.0008739342265529,107786240,0.0620513202406386,1387794432,12.0,12.0,0.0,0,none
1788258384,1.0,698.0,0.0138483047485351,0.0008745356391252,107790336,0.0641175443451504,1388253184,12.0,12.0,0.0,0,none
1788258389,1.0,699.0,0.0105898380279541,0.0008682477888807,107311104,0.0311382342069837,1387589632,12.0,12.0,0.0,0,none
1788258394,1.0,700.0,0.0175716876983642,0.0008227630285152,107311104,0.0649525250808861,1388068864,12.0,12.0,0.0,0,none
1788258399,1.0,701.0,0.016836404800415,0.000872764926684,107311104,0.0653168447238781,1388359680,12.0,12.0,0.0,0,none
1788258404,1.0,702.0,0.0185217857360839,0.0008394882545825,107065344,0.0645128594127607,1388122112,12.0,12.0,0.0,0,none
1788258409,1.0,703.0,0.0138041973114013,0.0008270667352768,107315200,0.062131542084876,1387864064,12.0,12.0,0.0,0,none
1788258414,1.0,704.0,0.0140643119812011,0.0008424108783535,107814912,0.065062607452322,1387995136,12.0,12.0,0.0,0,none
1788258419,1.0,705.0,0.0115420818328857,0.0008130130021064,107581440,0.0638879151378048,1388134400,12.0,12.0,0.0,0,none
1788258424,1.0,706.0,0.0118670463562011,0.0008058852396444,107302912,0.0633013162571778,1387855872,12.0,12.0,0.0,0,none
1788258429,1.0,707.0,0.0178701877593994,0.0007932224433529,107569152,0.0631669882777024,1388916736,12.0,12.0,0.0,0,none
1788258434,1.0,708.0,0.014113426208496,0.0008085342200055,107585536,0.0628880304396428,1387868160,12.0,12.0,0.0,0,none
1788258439,1.0,709.0,0.0156679153442382,0.0007552795475696,107577344,0.0606735464388453,1388134400,12.0,12.0,0.0,0,none
1788258444,1.0,710.0,0.0159378051757812,0.0007679008318382,107577344,0.0618506499083862,1387896832,12.0,12.0,0.0,0,none
1788258449,1.0,711.0,0.0179817676544189,0.0007846531949754,107315200,0.0290290105961242,1388417024,12.0,12.0,0.0,0,none
1788258454,1.0,712.0,0.0165431499481201,0.0007700106627148,107327488,0.0617325885716115,1388969984,12.0,12.0,0.0,0,none
1788258459,1.0,713.0,0.016913890838623,0.0007818948829394,107577344,0.0625326817289492,1388687360,12.0,12.0,0.0,0,none
1788258464,1.0,714.0,0.0166606903076171,0.0007789905247813,107323392,0.0622804644905851,1388433408,12.0,12.0,0.0,0,none
1788258469,1.0,715.0,0.0176241397857666,0.0007845646414216,107323392,0.0609800260662022,1387913216,12.0,12.0,0.0,0,none
1788258474,1.0,716.0,0.0168709754943847,0.0008127012424733,107573248,0.0643921395209292,1388052480,12.0,12.0,0.0,0,none
1788258479,1.0,717.0,0.011707067489624,0.0008203021323783,107319296,0.0652545047277772,1387913216,12.0,12.0,0.0,0,none
1788258484,1.0,718.0,0.0185165405273437,0.0008111593462717,107069440,0.0660961417323194,1387393024,12.0,12.0,0.0,0,none
1788258489,1.0,719.0,0.0173203945159912,0.0007966558791801,107327488,0.0657158476032977,1387659264,12.0,12.0,0.0,0,none
1788258494,1.0,720.0,0.0170106887817382,0.0008172653826733,107327488,0.0653277448521419,1387655168,12.0,12.0,0.0,0,none
1788258499,1.0,721.0,0.0172507762908935,0.0008422827448957,108109824,0.0640700370963522,1388179456,12.0,12.0,0.0,0,none
1788258504,1.0,722.0,0.013688325881958,0.0008497262255754,107327488,0.0664013920633357,1388261376,12.0,12.0,0.0,0,none
1788258509,1.0,723.0,0.0104017257690429,0.000838759380778,107069440,0.0421841079479247,1513824256,12.0,12.0,0.0,0,none
1788258514,1.0,724.0,0.0159275531768798,0.0008175360186043,107323392,0.0671444571516147,1388838912,12.0,12.0,0.0,0,none
1788258519,1.0,725.0,0.0146329402923583,0.0008248841925101,107323392,0.0677724025178979,1389178880,12.0,12.0,0.0,0,none
1788258524,1.0,726.0,0.0106785297393798,0.0007758867789322,107069440,0.0671441525597681,1388208128,12.0,12.0,0.0,0,none
1788258529,1.0,727.0,0.0152888298034667,0.0007671630948056,107327488,0.0639990527038931,1387737088,12.0,12.0,0.0,0,none
1788258534,1.0,728.0,0.0093641281127929,0.0007581159658044,107565056,0.066344155007211,1387991040,12.0,12.0,0.0,0,none
1788258539,1.0,729.0,0.0183861255645751,0.0007602141240963,107307008,0.0660309181192125,1387978752,12.0,12.0,0.0,0,none
1788258544,1.0,730.0,0.0173821449279785,0.0007308783385965,107069440,0.0661818690827144,1388253184,12.0,12.0,0.0,0,none
1788258549,1.0,731.0,0.01723313331604,0.0007576442263172,107323392,0.0672872210218825,1387483136,12.0,12.0,0.0,0,none
1788258554,1.0,732.0,0.0161700248718261,0.0007494506691848,107364352,0.067106013305594,1388511232,12.0,12.0,0.0,0,none
1788258559,1.0,733.0,0.0174362659454345,0.0007302782971379,107388928,0.0638559910251121,1387991040,12.0,12.0,0.0,0,none
1788258564,1.0,734.0,0.0175690650939941,0.0007480578155705,107352064,0.0583672784535983,1388388352,12.0,12.0,0.0,0,none
1788258569,1.0,735.0,0.0174460411071777,0.0007651406207335,107311104,0.0411669667290646,1498263552,12.0,12.0,0.0,0,none
1788258574,1.0,736.0,0.017488956451416,0.0007544209215442,107094016,0.0673690403879381,1388478464,12.0,12.0,0.0,0,none
1788258579,1.0,737.0,0.0116999149322509,0.000801028560933,107073536,0.0669876743731466,1388904448,12.0,12.0,0.0,0,none
1788258584,1.0,738.0,0.0173189640045166,0.0008010774142058,107352064,0.0671163900108324,1388822528,12.0,12.0,0.0,0,none
1788258589,1.0,739.0,0.0164613723754882,0.000807553828604,107384832,0.0639656217889416,1388032000,12.0,12.0,0.0,0,none
1788258594,1.0,740.0,0.0092930793762207,0.0008321033874509,107315200,0.0670848255744401,1388044288,12.0,12.0,0.0,0,none
1788258599,1.0,741.0,0.0174911022186279,0.000830546760725,107339776,0.0665857304237521,1388036096,12.0,12.0,0.0,0,none
1788258604,1.0,742.0,0.0167860984802246,0.000810206052801,107335680,0.0662057554081123,1387524096,12.0,12.0,0.0,0,none
1788258609,1.0,743.0,0.0155887603759765,0.0008027979311831,107356160,0.0658095172198813,1387778048,12.0,12.0,0.0,0,none
1788258614,1.0,744.0,0.0190174579620361,0.0008262910798122,107393024,0.0659061898618616,1388298240,12.0,12.0,0.0,0,none
1788258619,1.0,745.0,0.0172724723815917,0.0008093460976797,107167744,0.0632155809135344,1387520000,12.0,12.0,0.0,0,none
1788258624,1.0,746.0,0.0137944221496582,0.0008182743700687,107077632,0.0557054515802706,1387257856,12.0,12.0,0.0,0,none
1788258629,1.0,747.0,0.0137336254119873,0.0008157851615839,107581440,0.031248738097198,1387790336,12.0,12.0,0.0,0,none
1788258634,1.0,748.0,0.0183780193328857,0.0008200417536534,107585536,0.0667007549663974,1389150208,12.0,12.0,0.0,0,none
1788258639,1.0,749.0,0.0119514465332031,0.0008321136070604,107589632,0.0667701961690438,1389154304,12.0,12.0,0.0,0,none
1788258644,1.0,750.0,0.0109703540802001,0.0008128291224014,107098112,0.066334979720271,1388580864,12.0,12.0,0.0,0,none
1788258649,1.0,751.0,0.0110201835632324,0.0007908143784432,107077632,0.0633664595461477,1388847104,12.0,12.0,0.0,0,none
1788258654,1.0,752.0,0.0177001953125,0.000794902429311,107335680,0.0643135838917009,1387806720,12.0,12.0,0.0,0,none
1788258659,1.0,753.0,0.0106139183044433,0.0007674345219312,107589632,0.0652455360467287,1388064768,12.0,12.0,0.0,0,none
1788258664,1.0,754.0,0.0154731273651123,0.0007196527098414,107589632,0.0658350778974238,1388335104,12.0,12.0,0.0,0,none
1788258669,1.0,755.0,0.0178110599517822,0.0007698409836656,107335680,0.0658372040476557,1388331008,12.0,12.0,0.0,0,none
1788258674,1.0,756.0,0.0159697532653808,0.0007905677081412,107827200,0.0652795176872441,1387806720,12.0,12.0,0.0,0,none
1788258679,1.0,757.0,0.0178065299987792,0.0007795943409845,107323392,0.0644316886990516,1387814912,12.0,12.0,0.0,0,none
1788258684,1.0,758.0,0.0169997215270996,0.0007838731236791,107327488,0.0634382842448922,1387786240,12.0,12.0,0.0,0,none
1788258689,1.0,759.0,0.0165085792541503,0.0007700836518352,107327488,0.0320313937300867,1462272000,12.0,12.0,0.0,0,none
1788258694,1.0,760.0,0.0176725387573242,0.0007699983611632,107585536,0.0641892132451731,1389096960,12.0,12.0,0.0,0,none
1788258699,1.0,761.0,0.013779878616333,0.0007861949521008,107327488,0.0636593503115322,1388883968,12.0,12.0,0.0,0,none
1788258704,1.0,762.0,0.0170047283172607,0.0008177445120528,107081728,0.0648147317499686,1388355584,12.0,12.0,0.0,0,none
1788258709,1.0,763.0,0.0156507492065429,0.0008149462495888,107601920,0.0634713879295669,1388376064,12.0,12.0,0.0,0,none
1788258714,1.0,764.0,0.016486644744873,0.0007529029285876,107601920,0.0618007921524972,1387843584,12.0,12.0,0.0,0,none
1788258719,1.0,765.0,0.0181474685668945,0.0008068412757002,107335680,0.0641740758630224,1388126208,12.0,12.0,0.0,0,none
1788258724,1.0,766.0,0.0182025432586669,0.0008943171044559,107601920,0.0640886708541219,1388109824,12.0,12.0,0.0,0,none
1788258729,1.0,767.0,0.0165834426879882,0.0008173308461929,107335680,0.0640894679336637,1388109824,12.0,12.0,0.0,0,none
1788258734,1.0,768.0,0.0171072483062744,0.0007894912684463,107335680,0.0643503339695298,1387847680,12.0,12.0,0.0,0,none
1788258739,1.0,769.0,0.0168108940124511,0.0008803529907175,107589632,0.0632638032015898,1388109824,12.0,12.0,0.0,0,none
1788258744,1.0,770.0,0.0132696628570556,0.0008482271497346,107331584,0.0599442095475101,1387847680,12.0,12.0,0.0,0,none
1788258749,1.0,771.0,0.0179531574249267,0.0008239372251444,107331584,0.0313254693492441,1388240896,12.0,12.0,0.0,0,none
1788258754,1.0,772.0,0.0125987529754638,0.0007797762933708,107331584,0.0665326488906905,1388548096,12.0,12.0,0.0,0,none
1788258759,1.0,773.0,0.0175564289093017,0.0008319384057971,107859968,0.0653439749163367,1389080576,12.0,12.0,0.0,0,none
1788258764,1.0,774.0,0.0127105712890625,0.000800053700886,107859968,0.0665067882348288,1389076480,12.0,12.0,0.0,0,none
1788258769,1.0,775.0,0.0097608566284179,0.0007582861716001,107868160,0.0663062594201707,1388830720,12.0,12.0,0.0,0,none
1788258774,1.0,776.0,0.0150415897369384,0.0007924412185277,107872256,0.0638389471156828,1388290048,12.0,12.0,0.0,0,none
1788258779,1.0,777.0,0.0123035907745361,0.0007726890530797,107872256,0.067108200734982,1388699648,12.0,12.0,0.0,0,none
1788258784,1.0,778.0,0.0141839981079101,0.0007400163424259,107589632,0.0671982928323974,1388417024,12.0,12.0,0.0,0,none
1788258789,1.0,779.0,0.0148065090179443,0.0006226366666666,107589632,0.0677747146227237,1388412928,12.0,12.0,0.0,0,none
1788258794,1.0,780.0,0.0149798393249511,0.0007665360981677,108109824,0.0668440451865283,1387896832,12.0,12.0,0.0,0,none
1788258799,1.0,781.0,0.0122668743133544,0.000721933844061,107847680,0.0667565596935124,1387892736,12.0,12.0,0.0,0,none
1788258804,1.0,781.0,0.0122668743133544,0.0007469119056661,107089920,0.0629439373264827,1388670976,12.0,12.0,0.0,0,none
1788258809,1.0,782.0,0.0140142440795898,0.000644754499285,107089920,0.0471280691623943,1598038016,12.0,12.0,0.0,0,none
1788258814,1.0,783.0,0.0103125572204589,0.0007119702056231,107089920,0.0747639239485527,1388122112,12.0,12.0,0.0,0,none
1788258819,1.0,784.0,0.0166401863098144,0.0006690498151312,107089920,0.0748138132994185,1389166592,12.0,12.0,0.0,0,none
1788258824,1.0,785.0,0.0153887271881103,0.0007536090626551,108613632,0.0762340669535825,1389568000,12.0,12.0,0.0,0,none
1788258829,1.0,786.0,0.0126440525054931,0.0007698231084958,107094016,0.0748572544983527,1388195840,12.0,12.0,0.0,0,none
1788258834,1.0,787.0,0.0141847133636474,0.0007285948700233,107368448,0.0709403082474353,1388449792,12.0,12.0,0.0,0,none
1788258839,1.0,788.0,0.0168652534484863,0.0007171888388034,107368448,0.0726087622953377,1388204032,12.0,12.0,0.0,0,none
1788258844,1.0,789.0,0.0151939392089843,0.0007625714668547,107614208,0.0729384708584984,1387937792,12.0,12.0,0.0,0,none
1788258849,1.0,790.0,0.0167624950408935,0.0008063488693067,107880448,0.073982833360436,1388199936,12.0,12.0,0.0,0,none
1788258854,1.0,791.0,0.0175988674163818,0.0008424162718215,107601920,0.0737702667004282,1387933696,12.0,12.0,0.0,0,none
1788258859,1.0,792.0,0.0143435001373291,0.0008153894428561,107094016,0.0735531204428277,1388204032,12.0,12.0,0.0,0,none
1788258864,1.0,793.0,0.015080451965332,0.0007241666666666,107094016,0.0556731416315334,1388199936,12.0,12.0,0.0,0,none
1788258869,1.0,794.0,0.0113000869750976,0.0008708459773517,107606016,0.0305343641541064,1388240896,12.0,12.0,0.0,0,none
1788258874,1.0,795.0,0.0114290714263916,0.0008114881768412,107622400,0.0732522884672454,1389273088,12.0,12.0,0.0,0,none
1788258879,1.0,796.0,0.017043113708496,0.0008101389269094,107098112,0.0716843247537516,1388761088,12.0,12.0,0.0,0,none
1788258884,1.0,797.0,0.0163850784301757,0.0007742969897244,107098112,0.0727957336370779,1388756992,12.0,12.0,0.0,0,none
1788258889,1.0,798.0,0.0171880722045898,0.0008640162066345,108146688,0.0732667411468321,1387958272,12.0,12.0,0.0,0,none
1788258894,1.0,799.0,0.0175452232360839,0.0007875136103441,108118016,0.0713565974031609,1388503040,12.0,12.0,0.0,0,none
1788258899,1.0,800.0,0.015859842300415,0.0008488240035169,107884544,0.0739243376935763,1388212224,12.0,12.0,0.0,0,none
1788258904,1.0,801.0,0.0177171230316162,0.0008176467487745,107102208,0.0733097802467222,1387978752,12.0,12.0,0.0,0,none
1788258909,1.0,802.0,0.0170710086822509,0.0007622457579957,107102208,0.0734142639668883,1388498944,12.0,12.0,0.0,0,none
1788258914,1.0,803.0,0.0144126415252685,0.0008133926021136,108380160,0.0747960575156356,1388761088,12.0,12.0,0.0,0,none
1788258919,1.0,804.0,0.0173056125640869,0.000796451346808,107896832,0.0746578915081358,1388494848,12.0,12.0,0.0,0,none
1788258924,1.0,805.0,0.0165116786956787,0.0008502231413954,108363776,0.0717900544574292,1388498944,12.0,12.0,0.0,0,none
1788258929,1.0,806.0,0.0161333084106445,0.0007985531726126,107098112,0.0382995946456072,1484726272,12.0,12.0,0.0,0,none
1788258934,1.0,807.0,0.0154681205749511,0.0007961141492002,107098112,0.0692963954615429,1388949504,12.0,12.0,0.0,0,none
1788258939,1.0,808.0,0.0125517845153808,0.0007038995215699,107347968,0.0684052415242249,1388290048,12.0,12.0,0.0,0,none
1788258944,1.0,809.0,0.0191249847412109,0.0007549636622461,107347968,0.068071448343152,1388281856,12.0,12.0,0.0,0,none
1788258949,1.0,810.0,0.0172104835510253,0.0008049048316251,107606016,0.0680880133902517,1388285952,12.0,12.0,0.0,0,none
1788258954,1.0,811.0,0.0149509906768798,0.0007963317820969,107380736,0.0647183127058722,1388019712,12.0,12.0,0.0,0,none
1788258959,1.0,812.0,0.0172235965728759,0.0007635205293817,107610112,0.0675625309982623,1388859392,12.0,12.0,0.0,0,none
1788258964,1.0,813.0,0.0161530971527099,0.0006441233333333,107610112,0.0672473947852199,1388290048,12.0,12.0,0.0,0,none
1788258969,1.0,814.0,0.0174047946929931,0.0008094686948853,107626496,0.0672578216782794,1388036096,12.0,12.0,0.0,0,none
1788258974,1.0,815.0,0.0174391269683837,0.0007811864225291,107880448,0.0659705564630116,1388818432,12.0,12.0,0.0,0,none
1788258979,1.0,816.0,0.0162515640258789,0.0007864515086787,108130304,0.0665367186433537,1388023808,12.0,12.0,0.0,0,none
1788258984,1.0,817.0,0.0170786380767822,0.0008112218813905,108122112,0.0586926124851589,1388294144,12.0,12.0,0.0,0,none
1788258989,1.0,818.0,0.0099434852600097,0.0007529673002467,107606016,0.0332403424348732,1462288384,12.0,12.0,0.0,0,none
1788258994,1.0,819.0,0.011289358139038,0.0007657357700005,107352064,0.065053943937157,1389363200,12.0,12.0,0.0,0,none
1788258999,1.0,820.0,0.0181057453155517,0.0006896289889925,107360256,0.0655666122373598,1387819008,12.0,12.0,0.0,0,none
1788259004,1.0,821.0,0.0168659687042236,0.0007553523681307,107360256,0.0657829199092293,1388068864,12.0,12.0,0.0,0,none
1788259009,1.0,822.0,0.0165305137634277,0.0007784896003297,107859968,0.0656782419624975,1388068864,12.0,12.0,0.0,0,none
1788259014,1.0,823.0,0.0163445472717285,0.0007270910553267,107859968,0.0636194390812109,1388335104,12.0,12.0,0.0,0,none
1788259019,1.0,824.0,0.0168168544769287,0.0007540006877263,107872256,0.0663081346043174,1388355584,12.0,12.0,0.0,0,none
1788259024,1.0,825.0,0.0172095298767089,0.0008077999458337,108126208,0.0663995103797088,1388593152,12.0,12.0,0.0,0,none
1788259029,1.0,826.0,0.0188064575195312,0.000782165226215,108392448,0.0680327853135934,1388077056,12.0,12.0,0.0,0,none
1788259034,1.0,827.0,0.0094082355499267,0.000749467707594,108109824,0.0666917515015063,1387823104,12.0,12.0,0.0,0,none
1788259039,1.0,828.0,0.0096471309661865,0.0006999240944529,108109824,0.0678308104034496,1387810816,12.0,12.0,0.0,0,none
1788259044,1.0,829.0,0.0144991874694824,0.0007851483695851,108134400,0.0623365616226966,1388597248,12.0,12.0,0.0,0,none
1788259049,1.0,830.0,0.0148046016693115,0.0008291709900175,107855872,0.0386797372258983,1479643136,12.0,12.0,0.0,0,none
1788259054,1.0,831.0,0.0156373977661132,0.0008269766785449,108109824,0.0675271982857878,1388036096,12.0,12.0,0.0,0,none
1788259059,1.0,832.0,0.0185129642486572,0.0008226442760884,107360256,0.067445945977807,1389260800,12.0,12.0,0.0,0,none
1788259064,1.0,833.0,0.0182585716247558,0.0008396676903413,107393024,0.0670289998779741,1389158400,12.0,12.0,0.0,0,none
1788259069,1.0,834.0,0.0173370838165283,0.0007259787596991,107638784,0.0658743682645063,1388122112,12.0,12.0,0.0,0,none
1788259074,1.0,835.0,0.0158791542053222,0.0007981469589945,107872256,0.0645848008235354,1388380160,12.0,12.0,0.0,0,none
1788259079,1.0,836.0,0.0201339721679687,0.0008816617556113,107630592,0.0664264626287572,1388617728,12.0,12.0,0.0,0,none
1788259084,1.0,837.0,0.0136916637420654,0.0008293133514045,108396544,0.0664138911247005,1387855872,12.0,12.0,0.0,0,none
1788259089,1.0,838.0,0.0093441009521484,0.0008680320602123,107352064,0.066864217750668,1387851776,12.0,12.0,0.0,0,none
1788259094,1.0,839.0,0.0090038776397705,0.00075746,107352064,0.0657393054428868,1387851776,12.0,12.0,0.0,0,none
1788259099,1.0,840.0,0.0149540901184082,0.0008702266320067,108371968,0.0657730797959306,1387851776,12.0,12.0,0.0,0,none
1788259104,1.0,841.0,0.0185170173645019,0.0008726693055829,108134400,0.058940079344885,1388113920,12.0,12.0,0.0,0,none
1788259109,1.0,842.0,0.0113251209259033,0.0008643347499182,107614208,0.046406618710924,1582346240,12.0,12.0,0.0,0,none
1788259114,1.0,843.0,0.017540693283081,0.0008034393905444,107614208,0.0665278065679797,1388593152,12.0,12.0,0.0,0,none
1788259119,1.0,844.0,0.0187633037567138,0.000854992518883,107597824,0.0678557803545977,1389117440,12.0,12.0,0.0,0,none
1788259124,1.0,845.0,0.0173079967498779,0.0007908269760053,107339776,0.0679331540034441,1389633536,12.0,12.0,0.0,0,none
1788259129,1.0,846.0,0.0186617374420166,0.000782380683577,107593728,0.0677103536263991,1389109248,12.0,12.0,0.0,0,none
1788259134,1.0,847.0,0.0166356563568115,0.0007451087051887,107823104,0.0657756461450542,1389137920,12.0,12.0,0.0,0,none
1788259139,1.0,848.0,0.0173990726470947,0.0007038745883711,107823104,0.0672529217946619,1389355008,12.0,12.0,0.0,0,none
1788259144,1.0,849.0,0.0173141956329345,0.0007926171712982,107569152,0.0677473135197411,1389211648,12.0,12.0,0.0,0,none
1788259149,1.0,850.0,0.016017198562622,0.0007846887601268,107868160,0.0670047795575021,1387667456,12.0,12.0,0.0,0,none
1788259154,1.0,851.0,0.01393723487854,0.0008366168539937,108646400,0.0671950885267456,1388191744,12.0,12.0,0.0,0,none
1788259159,1.0,852.0,0.0148322582244873,0.0007643905504824,107872256,0.0671326138687749,1388716032,12.0,12.0,0.0,0,none
1788259164,1.0,853.0,0.0146007537841796,0.0008404232190738,107868160,0.0514417134069564,1388204032,12.0,12.0,0.0,0,none
1788259169,1.0,854.0,0.0175802707672119,0.0008514684287812,107622400,0.0337964764362214,1389494272,12.0,12.0,0.0,0,none
1788259174,1.0,855.0,0.0168683528900146,0.0007797124095466,107106304,0.0683675932482364,1390387200,12.0,12.0,0.0,0,none
1788259179,1.0,856.0,0.0261480808258056,0.0008446933080416,107614208,0.0684753002236964,1390755840,12.0,12.0,0.0,0,none
1788259184,1.0,857.0,0.0269937515258789,0.000865761018341,108105728,0.0682352687329181,1388969984,12.0,12.0,0.0,0,none
1788259189,1.0,858.0,0.0216012001037597,0.0008491452912986,108105728,0.0667966431475583,1388699648,12.0,12.0,0.0,0,none
1788259194,1.0,859.0,0.0202548503875732,0.0008483400172132,108113920,0.0646826183825887,1387954176,12.0,12.0,0.0,0,none
1788259199,1.0,860.0,0.0202996730804443,0.0008483400172132,108113920,0.0681170229192064,1389670400,12.0,12.0,0.0,0,none
1788259204,1.0,861.0,0.0219244956970214,0.0007881587116437,107356160,0.0674251331774243,1388429312,12.0,12.0,0.0,0,none
1788259209,1.0,862.0,0.0218262672424316,0.0007974657636201,107864064,0.0678214813590949,1389248512,12.0,12.0,0.0,0,none
1788259214,1.0,863.0,0.0200393199920654,0.0008855965665236,108113920,0.0676920484596264,1388474368,12.0,12.0,0.0,0,none
1788259219,1.0,864.0,0.0193715095520019,0.000790537979497,108113920,0.0658295199829746,1388482560,12.0,12.0,0.0,0,none
1788259224,1.0,865.0,0.0184710025787353,0.0009224698562238,107855872,0.0627846801476313,1387970560,12.0,12.0,0.0,0,none
1788259229,1.0,866.0,0.0142805576324462,0.0008745621835471,107601920,0.0445782866386733,1597534208,12.0,12.0,0.0,0,none
1788259234,1.0,867.0,0.0204527378082275,0.000871926630481,107352064,0.0661141449508988,1388863488,12.0,12.0,0.0,0,none
1788259239,1.0,868.0,0.019428014755249,0.0008712541003354,107352064,0.0666555094721121,1389051904,12.0,12.0,0.0,0,none
1788259244,1.0,869.0,0.0199050903320312,0.0008034889836577,107106304,0.067613215024184,1389301760,12.0,12.0,0.0,0,none
1788259249,1.0,870.0,0.0193550586700439,0.0009007595567177,107626496,0.06679664712259,1389056000,12.0,12.0,0.0,0,none
1788259254,1.0,871.0,0.0191602706909179,0.0008341026606177,107380736,0.0646452695021259,1389563904,12.0,12.0,0.0,0,none
1788259259,1.0,872.0,0.0184113979339599,0.0008498945041695,107618304,0.0675961465046794,1389756416,12.0,12.0,0.0,0,none
1788259264,1.0,873.0,0.0198869705200195,0.0008452735681772,107618304,0.0676585239409399,1388531712,12.0,12.0,0.0,0,none
1788259269,1.0,874.0,0.0114624500274658,0.0008646847580615,107106304,0.0662179234785942,1388011520,12.0,12.0,0.0,0,none
1788259274,1.0,875.0,0.0119962692260742,0.0007310686141282,108118016,0.0680883902745793,1389305856,12.0,12.0,0.0,0,none
1788259279,1.0,876.0,0.0177910327911376,0.000750566593639,107606016,0.0682562773397588,1388785664,12.0,12.0,0.0,0,none
1788259284,1.0,877.0,0.0163123607635498,0.0008283760987303,108396544,0.0524592822075316,1388269568,12.0,12.0,0.0,0,none
1788259289,1.0,878.0,0.0152604579925537,0.0007118730250971,107360256,0.0336798599636003,1389309952,12.0,12.0,0.0,0,none
1788259294,1.0,879.0,0.0188591480255126,0.0008178973596275,107892736,0.0668779505072894,1390239744,12.0,12.0,0.0,0,none
1788259299,1.0,880.0,0.019949197769165,0.0008243725067956,108392448,0.0660774570677716,1389752320,12.0,12.0,0.0,0,none
1788259304,1.0,881.0,0.0200285911560058,0.0007099350973539,107618304,0.0676468269511506,1389232128,12.0,12.0,0.0,0,none
1788259309,1.0,882.0,0.0203359127044677,0.0007760598776223,107106304,0.0664011888116842,1388978176,12.0,12.0,0.0,0,none
1788259314,1.0,883.0,0.0171759128570556,0.0007690524954187,107364352,0.0650748763270633,1388560384,12.0,12.0,0.0,0,none
1788259319,1.0,884.0,0.0199785232543945,0.0007186743032988,107360256,0.0648523958130517,1389334528,12.0,12.0,0.0,0,none
1788259324,1.0,885.0,0.0198438167572021,0.0007593706206872,107106304,0.0687039639373619,1388838912,12.0,12.0,0.0,0,none
1788259329,1.0,886.0,0.0186665058135986,0.0007630921756764,107622400,0.0671107319520307,1388851200,12.0,12.0,0.0,0,none
1788259334,1.0,887.0,0.019686222076416,0.0008041052461893,107872256,0.0668881020160646,1388818432,12.0,12.0,0.0,0,none
1788259339,1.0,888.0,0.0179176330566406,0.0007705832998942,107864064,0.0676038708867776,1388556288,12.0,12.0,0.0,0,none
1788259344,1.0,889.0,0.0128581523895263,0.0008563526774229,107864064,0.064973720713577,1388830720,12.0,12.0,0.0,0,none
1788259349,1.0,890.0,0.0113167762756347,0.0007826999517069,107884544,0.045270667117946,1415036928,11.0,11.0,0.0,0,none
1788259354,1.0,891.0,0.0175914764404296,0.0007579203899268,107642880,0.0678115439621306,1389367296,11.0,11.0,0.0,0,none
1788259359,1.0,892.0,0.0194358825683593,0.0008223808485905,107180032,0.0665385681822724,1390227456,11.0,11.0,0.0,0,none
1788259364,1.0,893.0,0.0188944339752197,0.0008031658514895,107970560,0.0668024036466226,1389436928,11.0,11.0,0.0,0,none
1788259369,1.0,894.0,0.0186667442321777,0.0008024118405963,107388928,0.0662401627933483,1389191168,11.0,11.0,0.0,0,none
1788259374,1.0,895.0,0.0179941654205322,0.0008168618008712,107610112,0.0664724588132484,1389191168,11.0,11.0,0.0,0,none
1788259379,1.0,896.0,0.0107524394989013,0.0008174195094082,107610112,0.0639500547359205,1389195264,11.0,11.0,0.0,0,none
1788259384,1.0,897.0,0.0184521675109863,0.0007859181209527,107868160,0.0669948223226797,1389232128,11.0,11.0,0.0,0,none
1788259389,1.0,898.0,0.0175108909606933,0.0007752494216309,108118016,0.0668072153630442,1389240320,11.0,11.0,0.0,0,none
1788259394,1.0,899.0,0.0106003284454345,0.0007881726702639,108105728,0.0664274526807972,1388969984,11.0,11.0,0.0,0,none
1788259399,1.0,900.0,0.0107226371765136,0.0007772495319211,108625920,0.0654903619827295,1388445696,11.0,11.0,0.0,0,none
1788259404,1.0,901.0,0.0104084014892578,0.0007854084321475,108130304,0.0524803360836418,1388449792,11.0,11.0,0.0,0,none
1788259409,1.0,902.0,0.0109431743621826,0.0007681869104838,107642880,0.0440189979459843,1390104576,12.0,12.0,0.0,0,none
1788259414,1.0,903.0,0.0097999572753906,0.0007491429904696,107569152,0.0673470377443951,1389154304,12.0,12.0,0.0,0,none
1788259419,1.0,904.0,0.018958568572998,0.0007358187134503,107565056,0.0672190675148353,1389633536,12.0,12.0,0.0,0,none
1788259424,1.0,905.0,0.0193893909454345,0.0007321195415639,107327488,0.0663217375957758,1389113344,12.0,12.0,0.0,0,none
1788259429,1.0,906.0,0.0177829265594482,0.0007279821225828,107585536,0.065691094598835,1388900352,12.0,12.0,0.0,0,none
1788259434,1.0,907.0,0.0196943283081054,0.0007401745927386,107843584,0.065592405621709,1388654592,12.0,12.0,0.0,0,none
1788259439,1.0,908.0,0.0175015926361084,0.0007470667672179,107839488,0.06356943749657,1388679168,12.0,12.0,0.0,0,none
1788259444,1.0,909.0,0.0181217193603515,0.0007727609713758,107315200,0.0657425821144268,1388486656,12.0,12.0,0.0,0,none
1788259449,1.0,910.0,0.0186936855316162,0.0007941099866051,107315200,0.0653313989346128,1388380160,12.0,12.0,0.0,0,none
1788259454,1.0,911.0,0.0169107913970947,0.0008071724512667,108630016,0.0668944186568509,1388367872,12.0,12.0,0.0,0,none
1788259459,1.0,912.0,0.0182166099548339,0.0007793836081873,108630016,0.0642234879792849,1389162496,12.0,12.0,0.0,0,none
1788259464,1.0,913.0,0.0205080509185791,0.0008239398233947,107106304,0.051909996911056,1388118016,12.0,12.0,0.0,0,none
1788259469,1.0,914.0,0.0180773735046386,0.0008478926430417,107360256,0.0438843338228199,1410064384,12.0,12.0,0.0,0,none
1788259474,1.0,915.0,0.015411376953125,0.0008626497211301,107855872,0.0654550635231297,1389535232,12.0,12.0,0.0,0,none
1788259479,1.0,916.0,0.0187854766845703,0.000886760069399,107851776,0.0666050337003412,1389252608,12.0,12.0,0.0,0,none
1788259484,1.0,917.0,0.0197453498840332,0.0008402292222302,107868160,0.0662702754793144,1389252608,12.0,12.0,0.0,0,none
1788259489,1.0,918.0,0.0191857814788818,0.0008313511786424,107872256,0.0667106340164238,1388666880,12.0,12.0,0.0,0,none
1788259494,1.0,919.0,0.0189647674560546,0.0008734713729849,108388352,0.0669007509702747,1388924928,12.0,12.0,0.0,0,none
1788259499,1.0,920.0,0.0184426307678222,0.0008641884777376,108388352,0.0650033806599711,1388658688,12.0,12.0,0.0,0,none
1788259504,1.0,921.0,0.0192785263061523,0.0008085785182559,107610112,0.0671882445063361,1388404736,12.0,12.0,0.0,0,none
1788259509,1.0,922.0,0.0161855220794677,0.0008375924619752,107864064,0.0665525996499082,1387905024,12.0,12.0,0.0,0,none
1788259514,1.0,923.0,0.010533332824707,0.0007791035997413,108126208,0.067989439845371,1388670976,12.0,12.0,0.0,0,none
1788259519,1.0,924.0,0.0184438228607177,0.0008375167060288,108122112,0.066547579820042,1389182976,12.0,12.0,0.0,0,none
1788259524,1.0,925.0,0.0127160549163818,0.0008354954552483,107888640,0.0522877988866642,1388408832,12.0,12.0,0.0,0,none
1788259529,1.0,926.0,0.010538101196289,0.0008408103117013,107888640,0.0327709623328253,1462317056,12.0,12.0,0.0,0,none
1788259534,1.0,927.0,0.0189321041107177,0.0008029607317341,107610112,0.0661068365586627,1389953024,12.0,12.0,0.0,0,none
1788259539,1.0,928.0,0.0136260986328125,0.0008111185653931,107597824,0.0674807215446693,1389690880,12.0,12.0,0.0,0,none
1788259544,1.0,929.0,0.0171442031860351,0.0007905535842326,107855872,0.0671017182909545,1388445696,12.0,12.0,0.0,0,none
1788259549,1.0,930.0,0.0152885913848876,0.0007784819268407,107360256,0.0652135260728536,1388961792,12.0,12.0,0.0,0,none
1788259554,1.0,931.0,0.0104196071624755,0.0007022674684188,107360256,0.0658067583364397,1389219840,12.0,12.0,0.0,0,none
1788259559,1.0,932.0,0.0136756896972656,0.0007460166642303,107106304,0.0623767821227884,1388445696,12.0,12.0,0.0,0,none
1788259564,1.0,933.0,0.0182929039001464,0.0007351769220881,107360256,0.0650247353647763,1388462080,12.0,12.0,0.0,0,none
1788259569,1.0,934.0,0.0158209800720214,0.000742519407852,107360256,0.065595358941731,1388449792,12.0,12.0,0.0,0,none
1788259574,1.0,935.0,0.0183608531951904,0.0007468331258695,107597824,0.0659120195960339,1389494272,12.0,12.0,0.0,0,none
1788259579,1.0,936.0,0.016017198562622,0.0007364592336502,107368448,0.0639454368539323,1388441600,12.0,12.0,0.0,0,none
1788259584,1.0,937.0,0.0177884101867675,0.0007556047605867,107106304,0.061260791824179,1388707840,12.0,12.0,0.0,0,none
1788259589,1.0,938.0,0.0108034610748291,0.0007649815444741,107372544,0.0423978911983495,1409470464,12.0,12.0,0.0,0,none
1788259594,1.0,939.0,0.0184199810028076,0.0007546363653105,107106304,0.0638312786936627,1388761088,12.0,12.0,0.0,0,none
1788259599,1.0,940.0,0.0162081718444824,0.0007811416940201,107368448,0.0638938191843075,1388707840,12.0,12.0,0.0,0,none
1788259604,1.0,941.0,0.0168111324310302,0.0007800040403298,107364352,0.066352863070818,1389223936,12.0,12.0,0.0,0,none
1788259609,1.0,942.0,0.0186266899108886,0.000784141212926,107622400,0.0645853951461059,1388998656,12.0,12.0,0.0,0,none
1788259614,1.0,943.0,0.0187427997589111,0.0008075173349965,108130304,0.0661617927343972,1388732416,12.0,12.0,0.0,0,none
1788259619,1.0,944.0,0.0180704593658447,0.0008211585501445,108146688,0.0638870203364322,1388728320,12.0,12.0,0.0,0,none
1788259624,1.0,945.0,0.0176672935485839,0.0008139347563431,107872256,0.0656868041290596,1389404160,12.0,12.0,0.0,0,none
1788259629,1.0,946.0,0.0186789035797119,0.0008026159334126,107356160,0.0662937654533763,1388920832,12.0,12.0,0.0,0,none
1788259634,1.0,947.0,0.0173823833465576,0.0008054579210151,108400640,0.0677331245083388,1388998656,12.0,12.0,0.0,0,none
1788259639,1.0,948.0,0.0182037353515625,0.0008296596849069,107855872,0.0674471836815362,1388224512,12.0,12.0,0.0,0,none
1788259644,1.0,949.0,0.0181665420532226,0.0007952103651521,107606016,0.0526028371765582,1388474368,12.0,12.0,0.0,0,none
1788259649,1.0,950.0,0.010185956954956,0.0008252329388063,108097536,0.0367469536204129,1499746304,12.0,12.0,0.0,0,none
1788259654,1.0,951.0,0.017812967300415,0.0008012542122429,107606016,0.0671171925882282,1389768704,12.0,12.0,0.0,0,none
1788259659,1.0,952.0,0.0189921855926513,0.0008169541700168,107622400,0.0658625659284474,1389289472,12.0,12.0,0.0,0,none
1788259664,1.0,953.0,0.0113108158111572,0.0008214075146057,107618304,0.0659678753935512,1389031424,12.0,12.0,0.0,0,none
1788259669,1.0,954.0,0.0177836418151855,0.0008031193326079,107638784,0.0645390625105911,1388769280,12.0,12.0,0.0,0,none
1788259674,1.0,955.0,0.018913984298706,0.0007859364264275,107888640,0.065052175638041,1389551616,12.0,12.0,0.0,0,none
1788259679,1.0,956.0,0.0170519351959228,0.0007671451355661,107888640,0.0622352939890941,1388244992,12.0,12.0,0.0,0,none
1788259684,1.0,957.0,0.0208895206451416,0.000784906988809,108138496,0.0659600350788818,1389568000,12.0,12.0,0.0,0,none
1788259689,1.0,958.0,0.0195441246032714,0.0007834928009144,107872256,0.0661955839560916,1388797952,12.0,12.0,0.0,0,none
1788259694,1.0,959.0,0.0186736583709716,0.0007554945541485,107110400,0.0668054458968331,1389293568,12.0,12.0,0.0,0,none
1788259699,1.0,960.0,0.0127327442169189,0.0007900734085679,107364352,0.0670886837326421,1388261376,12.0,12.0,0.0,0,none
1788259704,1.0,961.0,0.0127661228179931,0.0007681912304283,107360256,0.059605684454217,1389035520,12.0,12.0,0.0,0,none
1788259709,1.0,962.0,0.0112988948822021,0.0007814091757753,107110400,0.0290519367028556,1388769280,12.0,12.0,0.0,0,none
1788259714,1.0,963.0,0.0175774097442626,0.0007510141987829,107614208,0.0692578316146081,1389682688,12.0,12.0,0.0,0,none
1788259719,1.0,964.0,0.0169646739959716,0.0007586359121509,107618304,0.0699691689128022,1390104576,12.0,12.0,0.0,0,none
1788259724,1.0,965.0,0.01839280128479,0.0007728687564083,107630592,0.0712968770857698,1389322240,12.0,12.0,0.0,0,none
1788259729,1.0,966.0,0.0163850784301757,0.0007761445608438,108371968,0.0701548678036438,1389068288,12.0,12.0,0.0,0,none
1788259734,1.0,967.0,0.0174050331115722,0.0007880466093032,108621824,0.0712585886300413,1389051904,12.0,12.0,0.0,0,none
1788259739,1.0,968.0,0.018390417098999,0.0007725493684397,108118016,0.0671618898102888,1389056000,12.0,12.0,0.0,0,none
1788259744,1.0,969.0,0.0173406600952148,0.0007736000427876,107634688,0.0705523217939394,1389584384,12.0,12.0,0.0,0,none
1788259749,1.0,970.0,0.0180835723876953,0.0008054459499702,107634688,0.0698644014686756,1388298240,12.0,12.0,0.0,0,none
1788259754,1.0,971.0,0.0173492431640625,0.0007866858202712,107601920,0.0686565781093228,1388310528,12.0,12.0,0.0,0,none
1788259759,1.0,972.0,0.0140271186828613,0.0007825704689725,107622400,0.0700556513242294,1388826624,12.0,12.0,0.0,0,none
1788259764,1.0,973.0,0.0106637477874755,0.0007327432485702,107622400,0.0697715983880914,1388834816,12.0,12.0,0.0,0,none
1788259769,1.0,974.0,0.0173072814941406,0.0008502908046823,108384256,0.0300989689793242,1389080576,12.0,12.0,0.0,0,none
1788259774,1.0,975.0,0.0140750408172607,0.0008366424001764,107614208,0.0687732330479538,1389395968,12.0,12.0,0.0,0,none
1788259779,1.0,976.0,0.0162591934204101,0.0008213090738094,108130304,0.0760883951350367,1390125056,12.0,12.0,0.0,0,none
1788259784,1.0,977.0,0.0169727802276611,0.0008026748089422,107360256,0.0769375129469384,1390391296,12.0,12.0,0.0,0,none
1788259789,1.0,978.0,0.0104789733886718,0.0008020665448945,107618304,0.0764608372404248,1390645248,12.0,12.0,0.0,0,none
1788259794,1.0,979.0,0.0099561214447021,0.0007995450931079,107614208,0.0763996470377926,1389883392,12.0,12.0,0.0,0,none
1788259799,1.0,980.0,0.0186870098114013,0.0007474567741471,107110400,0.0731002724856353,1390141440,12.0,12.0,0.0,0,none
1788259804,1.0,981.0,0.0190465450286865,0.0007379151127686,107610112,0.0760327787546987,1389289472,12.0,12.0,0.0,0,none
1788259809,1.0,982.0,0.0183494091033935,0.0007439092970521,108113920,0.077181956152474,1390145536,12.0,12.0,0.0,0,none
1788259814,1.0,983.0,0.0186340808868408,0.0007512913786831,107610112,0.0773940212810722,1389371392,12.0,12.0,0.0,0,none
1788259819,1.0,984.0,0.0199816226959228,0.0006947695412678,107876352,0.0784411520239752,1389895680,12.0,12.0,0.0,0,none
1788259824,1.0,985.0,0.0154774188995361,0.00074556339916,107606016,0.0769004487034615,1389367296,12.0,12.0,0.0,0,none
1788259829,1.0,986.0,0.0101344585418701,0.0007093530867592,107106304,0.0396833628275061,1389891584,12.0,12.0,0.0,0,none
1788259834,1.0,987.0,0.0168995857238769,0.0006734843485223,107106304,0.0683008780761068,1391251456,12.0,12.0,0.0,0,none
1788259839,1.0,988.0,0.017749547958374,0.000757993231873,107614208,0.0672766129234626,1389600768,12.0,12.0,0.0,0,none
1788259844,1.0,989.0,0.0173218250274658,0.000765070775121,107364352,0.0674096748012279,1390706688,12.0,12.0,0.0,0,none
1788259849,1.0,990.0,0.0100822448730468,0.0007682274962582,107360256,0.0674282975904858,1389662208,12.0,12.0,0.0,0,none
1788259854,1.0,991.0,0.0160646438598632,0.000801471267767,107614208,0.0679479925184981,1389400064,12.0,12.0,0.0,0,none
1788259859,1.0,992.0,0.0172770023345947,0.000780089370742,107397120,0.0649392320925345,1389408256,12.0,12.0,0.0,0,none
1788259864,1.0,993.0,0.0183098316192626,0.0008028864907034,107872256,0.0689803202849938,1390399488,12.0,12.0,0.0,0,none
1788259869,1.0,994.0,0.0181770324707031,0.000777650876525,107614208,0.0689335906268432,1389400064,12.0,12.0,0.0,0,none
1788259874,1.0,995.0,0.0173611640930175,0.0007664678212914,107614208,0.0682083579716412,1390186496,12.0,12.0,0.0,0,none
1788259879,1.0,996.0,0.0128397941589355,0.0007380517741963,107106304,0.0679103261139589,1389146112,12.0,12.0,0.0,0,none
1788259884,1.0,997.0,0.0149383544921875,0.0007045406524052,107106304,0.0663523607147989,1389412352,12.0,12.0,0.0,0,none
1788259889,1.0,998.0,0.0150492191314697,0.0007374213864675,107118592,0.034571796275887,1475194880,12.0,12.0,0.0,0,none
1788259894,1.0,999.0,0.0177779197692871,0.0007817138261314,107372544,0.0652741759238981,1389969408,12.0,12.0,0.0,0,none
1788259899,1.0,1000.0,0.0178384780883789,0.0007632717050491,107364352,0.0688215380709617,1389969408,12.0,12.0,0.0,0,none
1788259904,1.0,1001.0,0.0186357498168945,0.0007688045485821,107356160,0.0697407876311936,1389449216,12.0,12.0,0.0,0,none
1788259909,1.0,1002.0,0.0172696113586425,0.0008000327844965,108380160,0.068411530864319,1390211072,12.0,12.0,0.0,0,none
1788259914,1.0,1003.0,0.0167193412780761,0.0008230119247933,107868160,0.0690364428716479,1389166592,12.0,12.0,0.0,0,none
1788259919,1.0,1004.0,0.0103240013122558,0.0008019279279279,107855872,0.0644686542335975,1390206976,12.0,12.0,0.0,0,none
1788259924,1.0,1005.0,0.0142428874969482,0.0007888158014613,107859968,0.066604745199594,1391091712,12.0,12.0,0.0,0,none
1788259929,1.0,1006.0,0.0184087753295898,0.0007814645098363,108085248,0.0674516164692979,1389223936,12.0,12.0,0.0,0,none
1788259934,1.0,1007.0,0.0182845592498779,0.0007747665927997,108142592,0.0680296194405869,1390268416,12.0,12.0,0.0,0,none
1788259939,1.0,1008.0,0.0164415836334228,0.0007444565782703,107368448,0.0682270918111678,1389752320,12.0,12.0,0.0,0,none
1788259944,1.0,1009.0,0.0174951553344726,0.0007861572855442,107372544,0.0650291419680326,1389744128,12.0,12.0,0.0,0,none
1788259949,1.0,1010.0,0.0144941806793212,0.0007700555104017,107360256,0.0378596536508817,1464147968,12.0,12.0,0.0,0,none
1788259954,1.0,1011.0,0.0172140598297119,0.0007661563003936,107364352,0.064716234538505,1390039040,12.0,12.0,0.0,0,none
1788259959,1.0,1012.0,0.017413854598999,0.0007210250867711,107364352,0.0687940439279217,1390198784,12.0,12.0,0.0,0,none
1788259964,1.0,1013.0,0.0179567337036132,0.0007639139486467,107360256,0.0689209243404066,1389674496,12.0,12.0,0.0,0,none
1788259969,1.0,1014.0,0.0187330245971679,0.0007606530640571,107614208,0.0685231830614739,1390194688,12.0,12.0,0.0,0,none
1788259974,1.0,1015.0,0.0186219215393066,0.0007152146717018,107614208,0.069277379437374,1390456832,12.0,12.0,0.0,0,none
1788259979,1.0,1016.0,0.0118327140808105,0.0008189370254577,107876352,0.0659826666781351,1389993984,12.0,12.0,0.0,0,none
1788259984,1.0,1017.0,0.0178892612457275,0.0008273943903628,107606016,0.0658462324057249,1390514176,12.0,12.0,0.0,0,none
1788259989,1.0,1018.0,0.0175879001617431,0.000830779020089,107626496,0.0706898920893462,1390641152,12.0,12.0,0.0,0,none
1788259994,1.0,1019.0,0.0177068710327148,0.000825020294038,107622400,0.0699336204148878,1390243840,12.0,12.0,0.0,0,none
1788259999,1.0,1020.0,0.0177922248840332,0.0008399036196963,108384256,0.0687060498305105,1389981696,12.0,12.0,0.0,0,none
1788260004,1.0,1021.0,0.0173015594482421,0.0008357570262919,107876352,0.066273917214665,1389719552,12.0,12.0,0.0,0,none
1788260009,1.0,1022.0,0.0163979530334472,0.0009021601016518,107876352,0.0351078483666531,1389469696,12.0,12.0,0.0,0,none
1788260014,1.0,1023.0,0.0100219249725341,0.0007807846562032,107622400,0.0643816335143702,1390493696,12.0,12.0,0.0,0,none
1788260019,1.0,1024.0,0.0099115371704101,0.0008357190167795,107900928,0.0700487206267436,1390485504,12.0,12.0,0.0,0,none
1788260024,1.0,1025.0,0.0163557529449462,0.0008100608697241,107614208,0.0692131258127235,1389232128,12.0,12.0,0.0,0,none
1788260029,1.0,1026.0,0.0146350860595703,0.0006496233333333,107614208,0.0687223403070219,1390026752,12.0,12.0,0.0,0,none
1788260034,1.0,1027.0,0.0182135105133056,0.0008023626373626,107360256,0.0705988162923506,1390006272,12.0,12.0,0.0,0,none
1788260039,1.0,1028.0,0.0188260078430175,0.000836638162898,108400640,0.0697748280383023,1390018560,12.0,12.0,0.0,0,none
1788260044,1.0,1028.0,0.0188260078430175,0.0008322578272939,108150784,0.0650098495633954,1389776896,12.0,12.0,0.0,0,none
1788260049,1.0,1029.0,0.0188667774200439,0.0008223399046047,107352064,0.0705251694101279,1389273088,12.0,12.0,0.0,0,none
1788260054,1.0,1030.0,0.0102114677429199,0.0008016807942932,107610112,0.0699892496489374,1389494272,12.0,12.0,0.0,0,none
1788260059,1.0,1031.0,0.0168225765228271,0.000817647821817,107360256,0.0691731478090485,1389240320,12.0,12.0,0.0,0,none
1788260064,1.0,1032.0,0.0127565860748291,0.000781446991404,107618304,0.0692003357629621,1390026752,12.0,12.0,0.0,0,none
1788260069,1.0,1033.0,0.0173385143280029,0.000780890817642,108113920,0.036619646816814,1388978176,12.0,12.0,0.0,0,none
1788260074,1.0,1034.0,0.0162580013275146,0.0007812305457563,107106304,0.06564228028829,1390301184,12.0,12.0,0.0,0,none
1788260079,1.0,1035.0,0.0157911777496337,0.0007675030558196,107364352,0.0708467323542473,1390018560,12.0,12.0,0.0,0,none
1788260084,1.0,1036.0,0.0175085067749023,0.0007285957794878,107106304,0.0702076078596486,1390239744,12.0,12.0,0.0,0,none
1788260089,1.0,1037.0,0.0118601322174072,0.0007464593815077,107106304,0.0686238820982656,1389801472,12.0,12.0,0.0,0,none
1788260094,1.0,1038.0,0.0111348628997802,0.0007375723917732,107622400,0.0683858644547597,1390063616,12.0,12.0,0.0,0,none
1788260099,1.0,1039.0,0.0179734230041503,0.0007480075575403,107880448,0.0686624331633315,1389547520,12.0,12.0,0.0,0,none
1788260104,1.0,1040.0,0.0175471305847167,0.0007078906729763,107880448,0.0639293217391163,1390841856,12.0,12.0,0.0,0,none
1788260109,1.0,1041.0,0.014169692993164,0.0008014483673619,107626496,0.0701179863911046,1390182400,12.0,12.0,0.0,0,none
1788260114,1.0,1042.0,0.0185589790344238,0.0007842138421384,107884544,0.070227256643381,1390059520,12.0,12.0,0.0,0,none
1788260119,1.0,1043.0,0.0162258148193359,0.0008040091553455,108134400,0.069662398191807,1389780992,12.0,12.0,0.0,0,none
1788260124,1.0,1044.0,0.0177869796752929,0.0008143541196543,108654592,0.069162290421483,1390051328,12.0,12.0,0.0,0,none
1788260129,1.0,1045.0,0.016326904296875,0.0007828821786318,107364352,0.0362822046937902,1389273088,12.0,12.0,0.0,0,none
1788260134,1.0,1046.0,0.0143463611602783,0.0008388461687082,107851776,0.0664277708041353,1391169536,12.0,12.0,0.0,0,none
1788260139,1.0,1047.0,0.01369309425354,0.0007652789115646,107360256,0.0715509802141647,1389694976,12.0,12.0,0.0,0,none
1788260144,1.0,1048.0,0.0144233703613281,0.0006829017201072,107106304,0.0728711227492777,1390071808,12.0,12.0,0.0,0,none
1788260149,1.0,1049.0,0.0164785385131835,0.0007337631821343,107106304,0.0734219563298959,1390080000,12.0,12.0,0.0,0,none
1788260154,1.0,1050.0,0.0177111625671386,0.0007992828835629,107646976,0.0726407636596798,1389817856,12.0,12.0,0.0,0,none
1788260159,1.0,1051.0,0.0174758434295654,0.0007341542088246,108400640,0.0736191474162893,1389817856,12.0,12.0,0.0,0,none
1788260164,1.0,1052.0,0.0172474384307861,0.0007119576213511,107880448,0.0673020190646816,1389568000,12.0,12.0,0.0,0,none
1788260169,1.0,1053.0,0.0102040767669677,0.0007337708916146,107880448,0.0730675812739551,1390313472,12.0,12.0,0.0,0,none
1788260174,1.0,1054.0,0.0190632343292236,0.0007657219674787,108142592,0.0720166215726441,1390632960,12.0,12.0,0.0,0,none
1788260179,1.0,1055.0,0.0153279304504394,0.0006950362562607,107352064,0.0726877259062764,1389838336,12.0,12.0,0.0,0,none
1788260184,1.0,1056.0,0.0187704563140869,0.0006773039124791,107610112,0.0713522891712213,1389846528,12.0,12.0,0.0,0,none
1788260189,1.0,1057.0,0.0171468257904052,0.000685898736512,107606016,0.0403538172101258,1463758848,12.0,12.0,0.0,0,none
1788260194,1.0,1058.0,0.0170652866363525,0.000765770197879,108363776,0.0660163863114054,1391116288,12.0,12.0,0.0,0,none
1788260199,1.0,1059.0,0.0184607505798339,0.0008292841441269,107638784,0.0700032018908877,1390030848,12.0,12.0,0.0,0,none
1788260204,1.0,1060.0,0.017695665359497,0.0007541574338432,108658688,0.0699889369916345,1390383104,12.0,12.0,0.0,0,none
1788260209,1.0,1061.0,0.0167315006256103,0.0007519014644114,107626496,0.0708222570466006,1390379008,12.0,12.0,0.0,0,none
1788260214,1.0,1062.0,0.0168917179107666,0.0007329182339407,107626496,0.070240262684374,1389858816,12.0,12.0,0.0,0,none
1788260219,1.0,1063.0,0.0174815654754638,0.0008711114304188,108146688,0.0710656640860971,1390899200,12.0,12.0,0.0,0,none
1788260224,1.0,1064.0,0.0180227756500244,0.0007872512052825,107642880,0.0668126009553061,1390120960,12.0,12.0,0.0,0,none
1788260229,1.0,1065.0,0.0186138153076171,0.00084169743711,108924928,0.0709316606868583,1476100096,12.0,12.0,0.0,0,none
1788260234,1.0,1066.0,0.0194203853607177,0.0008944005946271,107376640,0.0719761983722733,1389744128,12.0,12.0,0.0,0,none
1788260239,1.0,1067.0,0.0172293186187744,0.0009035824778512,107909120,0.0720554215464452,1389350912,12.0,12.0,0.0,0,none
1788260244,1.0,1068.0,0.0181667804718017,0.0008571063953912,107622400,0.0679188042582435,1389871104,12.0,12.0,0.0,0,none
1788260249,1.0,1069.0,0.0173370838165283,0.0008518645227506,107368448,0.0379388894530545,1389604864,12.0,12.0,0.0,0,none
1788260254,1.0,1070.0,0.0172541141510009,0.0008575403753819,107388928,0.0667351140276426,1390768128,12.0,12.0,0.0,0,none
1788260259,1.0,1071.0,0.0170700550079345,0.0008366003668668,108146688,0.0713679070614701,1390759936,12.0,12.0,0.0,0,none
1788260264,1.0,1072.0,0.0180802345275878,0.0009109455669292,108163072,0.0712624808598005,1389887488,12.0,12.0,0.0,0,none
1788260269,1.0,1073.0,0.0107972621917724,0.0008935940922903,107651072,0.070233487260344,1389375488,12.0,12.0,0.0,0,none
1788260274,1.0,1074.0,0.013092041015625,0.000780619824127,107110400,0.0695654355868748,1389633536,12.0,12.0,0.0,0,none
1788260279,1.0,1075.0,0.0184638500213623,0.0008462820014438,107110400,0.069432089638601,1389637632,12.0,12.0,0.0,0,none
1788260284,1.0,1076.0,0.0186800956726074,0.0008042846703619,108417024,0.0651042941018285,1389637632,12.0,12.0,0.0,0,none
1788260289,1.0,1077.0,0.0185029506683349,0.0007621756729029,107884544,0.0635465565927042,1389375488,12.0,12.0,0.0,0,none
1788260294,1.0,1078.0,0.0176954269409179,0.000826978292277,107896832,0.0683801138715158,1389973504,12.0,12.0,0.0,0,none
1788260299,1.0,1079.0,0.0173664093017578,0.000869607223159,108122112,0.0668271656047782,1389936640,12.0,12.0,0.0,0,none
1788260304,1.0,1080.0,0.0179879665374755,0.0008107768967774,108130304,0.066749219644758,1390985216,12.0,12.0,0.0,0,none
1788260309,1.0,1081.0,0.0113008022308349,0.0007560860539724,107876352,0.0367428016435058,1463312384,12.0,12.0,0.0,0,none
1788260314,1.0,1082.0,0.0105445384979248,0.0007746908506402,109707264,0.0625722764322061,1390788608,12.0,12.0,0.0,0,none
1788260319,1.0,1083.0,0.0158026218414306,0.0007530377490954,108404736,0.0633231199616305,1389715456,12.0,12.0,0.0,0,none
1788260324,1.0,1084.0,0.0134761333465576,0.0007027151999408,107364352,0.0687891097326984,1390231552,12.0,12.0,0.0,0,none
1788260329,1.0,1085.0,0.0180754661560058,0.0007506755539542,108367872,0.0681450599650628,1389719552,12.0,12.0,0.0,0,none
1788260334,1.0,1086.0,0.0192084312438964,0.000694712411781,107110400,0.0676062991864527,1389973504,12.0,12.0,0.0,0,none
1788260339,1.0,1087.0,0.0188162326812744,0.000728284885728,107118592,0.0678006562790989,1389449216,12.0,12.0,0.0,0,none
1788260344,1.0,1088.0,0.018256664276123,0.0007747296131034,107118592,0.0677710613669249,1389973504,12.0,12.0,0.0,0,none
1788260349,1.0,1089.0,0.0151817798614501,0.0007518888929444,107638784,0.063824955763594,1389711360,12.0,12.0,0.0,0,none
1788260354,1.0,1090.0,0.0184686183929443,0.0007555209097578,107888640,0.0684077765219815,1389989888,12.0,12.0,0.0,0,none
1788260359,1.0,1091.0,0.0178227424621582,0.0006968095953135,107368448,0.0668698377496781,1389977600,12.0,12.0,0.0,0,none
1788260364,1.0,1092.0,0.0167000293731689,0.0007946735545122,107130880,0.0631681923789303,1389719552,12.0,12.0,0.0,0,none
1788260369,1.0,1093.0,0.0146284103393554,0.0007317768075186,107110400,0.0331522346532798,1389457408,12.0,12.0,0.0,0,none
1788260374,1.0,1094.0,0.0155427455902099,0.0007492869613316,107368448,0.0671800634266965,1390075904,12.0,12.0,0.0,0,none
1788260379,1.0,1095.0,0.0159604549407959,0.0007697219743691,107368448,0.0630343708102059,1389240320,12.0,12.0,0.0,0,none
1788260384,1.0,1096.0,0.0157630443572998,0.0007778755610314,107622400,0.068295252707758,1389510656,12.0,12.0,0.0,0,none
1788260389,1.0,1097.0,0.0150387287139892,0.0007247018430207,107622400,0.068298040659007,1389252608,12.0,12.0,0.0,0,none
1788260394,1.0,1098.0,0.0158770084381103,0.0007272205242196,107606016,0.0694138787893306,1389514752,12.0,12.0,0.0,0,none
1788260399,1.0,1099.0,0.0173854827880859,0.0007153961797734,108388352,0.0688253222570199,1389772800,12.0,12.0,0.0,0,none
1788260404,1.0,1100.0,0.018540620803833,0.0007204635491873,108367872,0.0677396155949144,1390034944,12.0,12.0,0.0,0,none
1788260409,1.0,1101.0,0.0114097595214843,0.0007168079745461,107876352,0.0653602892381743,1389780992,12.0,12.0,0.0,0,none
1788260414,1.0,1102.0,0.0153703689575195,0.0008109731107111,108396544,0.0700885034222646,1389858816,12.0,12.0,0.0,0,none
1788260419,1.0,1103.0,0.0171351432800292,0.0007068929828192,107876352,0.0713367884634683,1390067712,12.0,12.0,0.0,0,none
1788260424,1.0,1104.0,0.0178282260894775,0.0008123871241899,108404736,0.069672488737273,1390039040,12.0,12.0,0.0,0,none
1788260429,1.0,1105.0,0.0097303390502929,0.0007585403448399,107114496,0.0441091696050727,1520603136,12.0,12.0,0.0,0,none
1788260434,1.0,1106.0,0.0176179409027099,0.0006571633728689,107626496,0.0691918058555028,1391435776,12.0,12.0,0.0,0,none
1788260439,1.0,1107.0,0.0149986743927001,0.0006694912925116,107626496,0.0655249966146551,1389969408,12.0,12.0,0.0,0,none
1788260444,1.0,1108.0,0.017327070236206,0.0007078176425602,107884544,0.0670724330962301,1390215168,12.0,12.0,0.0,0,none
1788260449,1.0,1109.0,0.0185680389404296,0.0007694103262379,107884544,0.0678570052573567,1390567424,12.0,12.0,0.0,0,none
1788260454,1.0,1110.0,0.0157291889190673,0.0007206740358268,107622400,0.0680742350645745,1390006272,12.0,12.0,0.0,0,none
1788260459,1.0,1111.0,0.0128636360168457,0.000768952938202,107114496,0.0679965508269503,1389744128,12.0,12.0,0.0,0,none
1788260464,1.0,1112.0,0.015226125717163,0.0007670720984759,107114496,0.0676808835501906,1390268416,12.0,12.0,0.0,0,none
1788260469,1.0,1113.0,0.0177829265594482,0.000784376876467,107384832,0.0644597697051217,1390264320,12.0,12.0,0.0,0,none
1788260474,1.0,1114.0,0.0172276496887207,0.0007796386391998,107368448,0.0670828888645665,1390043136,12.0,12.0,0.0,0,none
1788260479,1.0,1115.0,0.0141680240631103,0.0007281223449447,107630592,0.0684712435213721,1390096384,12.0,12.0,0.0,0,none
1788260484,1.0,1116.0,0.0096271038055419,0.0007515496475901,107630592,0.0594525012289621,1389834240,12.0,12.0,0.0,0,none
1788260489,1.0,1117.0,0.0099749565124511,0.0008078318663553,107114496,0.0340704473168142,1389830144,12.0,12.0,0.0,0,none
1788260494,1.0,1118.0,0.0178017616271972,0.0006925840057281,107114496,0.0664997139337342,1390686208,12.0,12.0,0.0,0,none
1788260499,1.0,1119.0,0.0173165798187255,0.0007785418364574,107622400,0.0651295868661446,1389846528,12.0,12.0,0.0,0,none
1788260504,1.0,1120.0,0.0176208019256591,0.0007659109683341,107622400,0.068649704983104,1390911488,12.0,12.0,0.0,0,none
1788260509,1.0,1121.0,0.017362356185913,0.000816276707593,107606016,0.0685421266016173,1390137344,12.0,12.0,0.0,0,none
1788260514,1.0,1122.0,0.0142455101013183,0.0007742024914057,107352064,0.0688009956030331,1389879296,12.0,12.0,0.0,0,none
1788260519,1.0,1123.0,0.0141427516937255,0.0007698065449285,107368448,0.0690722380318986,1391181824,12.0,12.0,0.0,0,none
1788260524,1.0,1124.0,0.0120668411254882,0.0007773635685839,107634688,0.0685620422750858,1389879296,12.0,12.0,0.0,0,none
1788260529,1.0,1125.0,0.009883165359497,0.0007756709186913,107114496,0.0643581915266764,1390661632,12.0,12.0,0.0,0,none
1788260534,1.0,1126.0,0.0152845382690429,0.0007773381161939,107368448,0.0663747165241197,1390268416,12.0,12.0,0.0,0,none
1788260539,1.0,1127.0,0.0173654556274414,0.000703281065883,107114496,0.0657607172801852,1390411776,12.0,12.0,0.0,0,none
1788260544,1.0,1128.0,0.0191009044647216,0.0007693464086562,107880448,0.0653631318070093,1389629440,12.0,12.0,0.0,0,none
1788260549,1.0,1129.0,0.0163791179656982,0.0008310835025683,107114496,0.0330182462752689,1389625344,11.0,11.0,0.0,0,none
1788260554,1.0,1130.0,0.0179321765899658,0.0007935733007863,107114496,0.0674626452831633,1390915584,11.0,11.0,0.0,0,none
1788260559,1.0,1131.0,0.0183675289154052,0.0006759840168169,107118592,0.063542762278453,1390911488,11.0,11.0,0.0,0,none
1788260564,1.0,1132.0,0.0183947086334228,0.0007183930105463,107118592,0.0674523083146248,1391722496,11.0,11.0,0.0,0,none
1788260569,1.0,1133.0,0.0133273601531982,0.0007632535783331,107368448,0.0681161419227706,1390428160,11.0,11.0,0.0,0,none
1788260574,1.0,1134.0,0.0177040100097656,0.0007688370037563,107630592,0.067580629195351,1390428160,11.0,11.0,0.0,0,none
1788260579,1.0,1135.0,0.0185599327087402,0.0007180958492987,107380736,0.0673603280977545,1390428160,11.0,11.0,0.0,0,none
1788260584,1.0,1136.0,0.0186576843261718,0.0007735986587943,107118592,0.067934822504535,1390170112,11.0,11.0,0.0,0,none
1788260589,1.0,1137.0,0.0138514041900634,0.0007978870624768,107372544,0.0650262183435176,1390432256,11.0,11.0,0.0,0,none
1788260594,1.0,1138.0,0.0129802227020263,0.0007941472336534,107372544,0.0704454356747614,1391017984,11.0,11.0,0.0,0,none
1788260599,1.0,1139.0,0.0190019607543945,0.0007811821643357,107118592,0.071255079875988,1390436352,11.0,11.0,0.0,0,none
1788260604,1.0,1140.0,0.0166969299316406,0.0007601218647607,107122688,0.0705117276549428,1390428160,11.0,11.0,0.0,0,none
1788260609,1.0,1141.0,0.0177550315856933,0.0006526296296296,107122688,0.0356743866709173,1390964736,12.0,12.0,0.0,0,none
1788260614,1.0,1142.0,0.0175206661224365,0.0008100376181301,107376640,0.0698380225370911,1391534080,12.0,12.0,0.0,0,none
1788260619,1.0,1143.0,0.0187690258026123,0.0008216627805304,107376640,0.0652316514035419,1390981120,12.0,12.0,0.0,0,none
1788260624,1.0,1144.0,0.0110881328582763,0.0008426515560352,107380736,0.0674295368651065,1390776320,12.0,12.0,0.0,0,none
1788260629,1.0,1145.0,0.019287109375,0.0008127797692294,107368448,0.0690269328406825,1390743552,12.0,12.0,0.0,0,none
1788260634,1.0,1146.0,0.0191059112548828,0.0008054801762114,107118592,0.067939984085771,1390731264,12.0,12.0,0.0,0,none
1788260639,1.0,1147.0,0.0192935466766357,0.0008194422254176,107122688,0.0674568270771907,1390215168,12.0,12.0,0.0,0,none
1788260644,1.0,1148.0,0.0174086093902587,0.000789589456367,107372544,0.0677450269226163,1390735360,12.0,12.0,0.0,0,none
1788260649,1.0,1149.0,0.0178711414337158,0.0007985314860151,107372544,0.0635205792116815,1391001600,12.0,12.0,0.0,0,none
1788260654,1.0,1150.0,0.0104103088378906,0.000868836615609,107126784,0.0636306611278439,1390211072,12.0,12.0,0.0,0,none
1788260659,1.0,1151.0,0.0104715824127197,0.0008304194220491,107118592,0.0680387112610104,1390735360,12.0,12.0,0.0,0,none
1788260664,1.0,1152.0,0.0104963779449462,0.0007688560714423,107118592,0.0677364989332673,1390477312,12.0,12.0,0.0,0,none
1788260669,1.0,1153.0,0.0109102725982666,0.0007657010470358,107122688,0.0364160950330376,1464115200,12.0,12.0,0.0,0,none
1788260674,1.0,1154.0,0.0113134384155273,0.0007646027821851,107376640,0.0684091610372073,1392193536,12.0,12.0,0.0,0,none
1788260679,1.0,1155.0,0.0180191993713378,0.0007337939745161,107888640,0.0659433756344312,1391325184,12.0,12.0,0.0,0,none
1788260684,1.0,1156.0,0.0110223293304443,0.0007554815481548,107868160,0.0675934788857608,1478074368,12.0,12.0,0.0,0,none
1788260689,1.0,1157.0,0.0188338756561279,0.0007291217648017,108134400,0.0707379893513597,1391644672,12.0,12.0,0.0,0,none
1788260694,1.0,1158.0,0.0122432708740234,0.0007126614236155,107622400,0.070946215854933,1391108096,12.0,12.0,0.0,0,none
1788260699,1.0,1159.0,0.0097734928131103,0.0006842802894604,107376640,0.0715993120848148,1391271936,12.0,12.0,0.0,0,none
1788260704,1.0,1160.0,0.0178432464599609,0.0006883596989997,107372544,0.070457399450516,1390747648,12.0,12.0,0.0,0,none
1788260709,1.0,1161.0,0.0167772769927978,0.0006749021345741,107372544,0.0691194349957596,1390497792,12.0,12.0,0.0,0,none
1788260714,1.0,1162.0,0.0179080963134765,0.0006933281955301,107118592,0.0644213073548211,1390755840,12.0,12.0,0.0,0,none
1788260719,1.0,1163.0,0.0175299644470214,0.0007228486537361,107372544,0.0685163215076837,1391013888,12.0,12.0,0.0,0,none
1788260724,1.0,1164.0,0.0108513832092285,0.0007297175100372,107356160,0.0666753884094755,1390751744,12.0,12.0,0.0,0,none
1788260729,1.0,1165.0,0.0099072456359863,0.0007219042150406,107118592,0.0422389507814784,1499549696,12.0,12.0,0.0,0,none
1788260734,1.0,1166.0,0.016489028930664,0.0007118924063134,107352064,0.0691141229190552,1391185920,12.0,12.0,0.0,0,none
1788260739,1.0,1167.0,0.0182874202728271,0.0007116410818713,107352064,0.0650021576453957,1391067136,12.0,12.0,0.0,0,none
1788260744,1.0,1168.0,0.0176358222961425,0.0007387942667493,107610112,0.0628067592902124,1391853568,12.0,12.0,0.0,0,none
1788260749,1.0,1169.0,0.0184776782989501,0.0007910090782122,108392448,0.0678983511132899,1391071232,12.0,12.0,0.0,0,none
1788260754,1.0,1170.0,0.0147323608398437,0.0007616202065053,108392448,0.0670709522906117,1390821376,12.0,12.0,0.0,0,none
1788260759,1.0,1171.0,0.0177617073059082,0.0007663930018284,107118592,0.0678333332887605,1390825472,12.0,12.0,0.0,0,none
1788260764,1.0,1172.0,0.0185136795043945,0.0007666307083782,107372544,0.0685419399162817,1390301184,12.0,12.0,0.0,0,none
1788260769,1.0,1173.0,0.018132209777832,0.0007852391916091,107626496,0.0681055927534019,1390825472,12.0,12.0,0.0,0,none
1788260774,1.0,1174.0,0.0111007690429687,0.00079525917255,107352064,0.0644033370591793,1391087616,12.0,12.0,0.0,0,none
1788260779,1.0,1175.0,0.0157628059387207,0.0007834491587417,107372544,0.0688346087343489,1390637056,12.0,12.0,0.0,0,none
1788260784,1.0,1176.0,0.0113210678100585,0.0007992037866001,107376640,0.0622438022558722,1390305280,12.0,12.0,0.0,0,none
1788260789,1.0,1177.0,0.0107431411743164,0.0008075134561165,107372544,0.0502879869346232,1414348800,12.0,12.0,0.0,0,none
1788260794,1.0,1178.0,0.016942024230957,0.0007990597345132,107118592,0.0718430218845331,1391763456,12.0,12.0,0.0,0,none
1788260799,1.0,1179.0,0.0152688026428222,0.0007756031198984,107376640,0.0711581830332835,1391177728,12.0,12.0,0.0,0,none
1788260804,1.0,1180.0,0.0167806148529052,0.0007651538447624,107118592,0.0657124663902089,1392152576,12.0,12.0,0.0,0,none
1788260809,1.0,1181.0,0.0164015293121337,0.0007211471915089,107118592,0.070955530978014,1391120384,12.0,12.0,0.0,0,none
1788260814,1.0,1182.0,0.0157258510589599,0.0007688424154224,107364352,0.070796334402885,1390333952,12.0,12.0,0.0,0,none
1788260819,1.0,1183.0,0.0174415111541748,0.0007820331739823,107118592,0.0709197864077629,1391374336,12.0,12.0,0.0,0,none
1788260824,1.0,1184.0,0.0147404670715332,0.0007690224653043,107372544,0.0714320863870526,1390075904,12.0,12.0,0.0,0,none
1788260829,1.0,1185.0,0.0154733657836914,0.000745618693574,107630592,0.0702467522243629,1390862336,12.0,12.0,0.0,0,none
1788260834,1.0,1186.0,0.0181581974029541,0.0007486680565207,107376640,0.0654754031967521,1390596096,12.0,12.0,0.0,0,none
1788260839,1.0,1187.0,0.0174887180328369,0.0007510203354185,107376640,0.0697802525440086,1390862336,12.0,12.0,0.0,0,none
1788260844,1.0,1188.0,0.0133066177368164,0.0007777161862527,107118592,0.054222934738323,1390858240,12.0,12.0,0.0,0,none
1788260849,1.0,1189.0,0.0167665481567382,0.0007926954825424,107618304,0.0478755528948337,1504239616,12.0,12.0,0.0,0,none
1788260854,1.0,1190.0,0.0178608894348144,0.0008142386800828,107356160,0.0687950807986539,1391304704,12.0,12.0,0.0,0,none
1788260859,1.0,1191.0,0.0184130668640136,0.0008085761107064,107630592,0.0697141166165952,1391136768,12.0,12.0,0.0,0,none
1788260864,1.0,1192.0,0.0189712047576904,0.0008118633585564,107884544,0.0645702782007578,1391718400,12.0,12.0,0.0,0,none
1788260869,1.0,1193.0,0.0180718898773193,0.000824299818658,107614208,0.0693739443517933,1390505984,12.0,12.0,0.0,0,none
1788260874,1.0,1194.0,0.0168483257293701,0.0008182594321629,107597824,0.069203929671852,1390424064,12.0,12.0,0.0,0,none
1788260879,1.0,1195.0,0.0171561241149902,0.0008503859913387,107372544,0.0691978149224705,1390419968,12.0,12.0,0.0,0,none
1788260884,1.0,1196.0,0.0156776905059814,0.0008470532527136,107880448,0.069559742653987,1390424064,12.0,12.0,0.0,0,none
1788260889,1.0,1197.0,0.0141706466674804,0.0008615879828326,107372544,0.0700971696918656,1390419968,12.0,12.0,0.0,0,none
1788260894,1.0,1198.0,0.0191590785980224,0.000840204010494,107376640,0.0656039592533435,1390153728,12.0,12.0,0.0,0,none
1788260899,1.0,1199.0,0.0179834365844726,0.0008434051692216,107630592,0.0698011846041759,1390755840,12.0,12.0,0.0,0,none
1788260904,1.0,1200.0,0.0219583511352539,0.0008563306643267,107859968,0.0754492648916195,1348775936,12.0,12.0,0.0,0,none
1788260909,1.0,1201.0,0.0134618282318115,0.0008792018727824,107651072,0.0575844530182118,1421316096,12.0,12.0,0.0,0,none
1788260914,1.0,1202.0,0.0166339874267578,0.0008835622769879,107118592,0.0891004426368751,1348714496,12.0,12.0,0.0,0,none
1788260919,1.0,1203.0,0.0180709362030029,0.0008732268370607,108150784,0.0895340536210584,1349206016,12.0,12.0,0.0,0,none
1788260924,1.0,1204.0,0.0178756713867187,0.0008866923818707,108646400,0.0839749791798674,1348423680,12.0,12.0,0.0,0,none
1788260929,1.0,1205.0,0.0180163383483886,0.0008759395025022,108412928,0.0898810832580044,1349214208,12.0,12.0,0.0,0,none
1788260934,1.0,1206.0,0.0170974731445312,0.0008376761992131,107880448,0.0888592622857318,1348550656,12.0,12.0,0.0,0,none
1788260939,1.0,1207.0,0.0182890892028808,0.0008450285965684,107601920,0.0900633734582466,1349373952,12.0,12.0,0.0,0,none
1788260944,1.0,1208.0,0.0184495449066162,0.0008458659469185,107618304,0.0878358288132915,1347850240,12.0,12.0,0.0,0,none
1788260949,1.0,1209.0,0.0165770053863525,0.0008774617465013,107618304,0.0881599731784467,1348108288,12.0,12.0,0.0,0,none
1788260954,1.0,1210.0,0.0184829235076904,0.0008609298159015,107884544,0.0842948606753905,1347846144,12.0,12.0,0.0,0,none
1788260959,1.0,1211.0,0.0182662010192871,0.0008460231135282,107921408,0.0698570032650324,1348435968,12.0,12.0,0.0,0,none
1788260964,1.0,1212.0,0.0178422927856445,0.000831538298023,107376640,0.0665803125661492,1348390912,12.0,12.0,0.0,0,none
1788260969,1.0,1213.0,0.0169155597686767,0.0008544501108247,107618304,0.0483138241729848,1461264384,12.0,12.0,0.0,0,none
1788260974,1.0,1214.0,0.0180902481079101,0.0008692133848509,107638784,0.0687116462502765,1349505024,12.0,12.0,0.0,0,none
1788260979,1.0,1215.0,0.0154564380645751,0.0008604297807683,108167168,0.0686826728154281,1349070848,12.0,12.0,0.0,0,none
1788260984,1.0,1216.0,0.0157644748687744,0.0008490265037525,108146688,0.0634377580554641,1349595136,12.0,12.0,0.0,0,none
1788260989,1.0,1217.0,0.0177242755889892,0.0008500519703131,107380736,0.068682022173187,1349423104,12.0,12.0,0.0,0,none
1788260994,1.0,1218.0,0.0099017620086669,0.000880745387866,107896832,0.0686404350339882,1348624384,12.0,12.0,0.0,0,none
1788260999,1.0,1219.0,0.0182201862335205,0.0008487521593707,107884544,0.0700816901979246,1349025792,12.0,12.0,0.0,0,none
1788261004,1.0,1220.0,0.0179417133331298,0.0008312772067987,107122688,0.0699607024033846,1348624384,12.0,12.0,0.0,0,none
1788261009,1.0,1221.0,0.0100989341735839,0.0008408166191679,107614208,0.0697625540081072,1348349952,12.0,12.0,0.0,0,none
1788261014,1.0,1222.0,0.0179975032806396,0.0008259770950736,107118592,0.0657368057157741,1348616192,12.0,12.0,0.0,0,none
1788261019,1.0,1223.0,0.016803503036499,0.0008193680067062,107372544,0.0700477178863106,1348046848,12.0,12.0,0.0,0,none
1788261024,1.0,1224.0,0.0164299011230468,0.0008181055549476,107626496,0.0568835984157016,1347850240,12.0,12.0,0.0,0,none
1788261029,1.0,1225.0,0.013035774230957,0.0008079359605017,108126208,0.0373737908784532,1348108288,12.0,12.0,0.0,0,none
1788261034,1.0,1226.0,0.0097079277038574,0.0008085466970387,107868160,0.0717629456135099,1349160960,12.0,12.0,0.0,0,none
1788261039,1.0,1227.0,0.0179755687713623,0.0007905968296237,107847680,0.070819976948417,1348222976,12.0,12.0,0.0,0,none
1788261044,1.0,1228.0,0.0104584693908691,0.000804974468786,107876352,0.0661065797803665,1349173248,12.0,12.0,0.0,0,none
1788261049,1.0,1229.0,0.0161397457122802,0.0007507007245227,108126208,0.0705056632081373,1348866048,12.0,12.0,0.0,0,none
1788261054,1.0,1230.0,0.0185701847076416,0.0007754850245865,108371968,0.0700968294514479,1348661248,12.0,12.0,0.0,0,none
1788261059,1.0,1231.0,0.0145261287689208,0.0007897825336554,108109824,0.0705539735606154,1348657152,12.0,12.0,0.0,0,none
1788261064,1.0,1232.0,0.0160689353942871,0.0007756930022573,108113920,0.070757896374078,1348927488,12.0,12.0,0.0,0,none
1788261069,1.0,1233.0,0.0180332660675048,0.0008027467747607,107606016,0.0694043866893018,1348648960,12.0,12.0,0.0,0,none
1788261074,1.0,1234.0,0.0112860202789306,0.0008141945328346,108105728,0.0662500845200191,1348390912,12.0,12.0,0.0,0,none
1788261079,1.0,1235.0,0.018416404724121,0.0007609403971125,107847680,0.0680391179103026,1423794176,12.0,12.0,0.0,0,none
1788261084,1.0,1236.0,0.0174014568328857,0.0007622331160552,108593152,0.0690113918280091,1348915200,12.0,12.0,0.0,0,none
1788261089,1.0,1237.0,0.0185508728027343,0.0007631896318963,107864064,0.055407713730638,1448742912,12.0,12.0,0.0,0,none
1788261094,1.0,1238.0,0.0175251960754394,0.0007979812755997,107638784,0.0697047601236017,1349976064,12.0,12.0,0.0,0,none
1788261099,1.0,1239.0,0.0167498588562011,0.0008017826747442,107888640,0.0699432815540111,1349132288,12.0,12.0,0.0,0,none
1788261104,1.0,1240.0,0.017235517501831,0.0008335788465787,107651072,0.0656907352282418,1349451776,12.0,12.0,0.0,0,none
1788261109,1.0,1241.0,0.0185632705688476,0.0008284802552852,107372544,0.065581262263514,1348390912,12.0,12.0,0.0,0,none
1788261114,1.0,1242.0,0.0174026489257812,0.0008438886424134,107655168,0.0701026373211399,1348333568,12.0,12.0,0.0,0,none
1788261119,1.0,1243.0,0.0175731182098388,0.0008477097838035,107634688,0.0691167621981679,1348235264,12.0,12.0,0.0,0,none
1788261124,1.0,1244.0,0.0172851085662841,0.0008387915714648,107872256,0.0713049138345906,1347969024,12.0,12.0,0.0,0,none
1788261129,1.0,1245.0,0.0167500972747802,0.0007935461664228,107630592,0.0686290829694063,1348739072,12.0,12.0,0.0,0,none
1788261134,1.0,1246.0,0.0149898529052734,0.0007811868200369,107630592,0.0676469550451076,1348677632,12.0,12.0,0.0,0,none
1788261139,1.0,1247.0,0.0173330307006835,0.0008508941999311,107638784,0.0733368502623952,1375842304,12.0,12.0,0.0,0,none
1788261144,1.0,1248.0,0.0144715309143066,0.0008435177837096,107638784,0.0580578183188595,1375502336,12.0,12.0,0.0,0,none
1788261149,1.0,1249.0,0.0105519294738769,0.0008248665031028,107143168,0.0580665810380462,1588985856,12.0,12.0,0.0,0,none
1788261154,1.0,1250.0,0.0179231166839599,0.0008129756364631,107122688,0.0798158032636247,1375563776,12.0,12.0,0.0,0,none
1788261159,1.0,1251.0,0.0166249275207519,0.0007921145653947,107122688,0.0793383949395161,1375297536,12.0,12.0,0.0,0,none
1788261164,1.0,1252.0,0.0151655673980712,0.0007868885143095,107122688,0.0793982239155291,1375559680,12.0,12.0,0.0,0,none
1788261169,1.0,1253.0,0.009892463684082,0.0007347677738318,107634688,0.073373117271014,1375547392,12.0,12.0,0.0,0,none
1788261174,1.0,1254.0,0.0102396011352539,0.00068180129287,107634688,0.0779845705243059,1375571968,12.0,12.0,0.0,0,none
1788261179,1.0,1255.0,0.0137264728546142,0.0007339688673398,107626496,0.0775944441046747,1375576064,12.0,12.0,0.0,0,none
1788261184,1.0,1256.0,0.0173604488372802,0.0007192176993709,107634688,0.0785270013700485,1375559680,12.0,12.0,0.0,0,none
1788261189,1.0,1257.0,0.0158982276916503,0.0006613322776116,107900928,0.0774365283143302,1375035392,12.0,12.0,0.0,0,none
1788261194,1.0,1258.0,0.0155591964721679,0.000721870469269,107651072,0.0697393719318315,1375821824,12.0,12.0,0.0,0,none
1788261199,1.0,1259.0,0.0094478130340576,0.0006982850534,107380736,0.0643462287228926,1375825920,12.0,12.0,0.0,0,none
1788261204,1.0,1260.0,0.0142059326171875,0.000690241735125,107126784,0.0543721077286887,1375457280,12.0,12.0,0.0,0,none
1788261209,1.0,1261.0,0.0152993202209472,0.0006938239393831,108146688,0.0343465710190863,1415680000,12.0,12.0,0.0,0,none
1788261214,1.0,1262.0,0.0147480964660644,0.0007071910643793,107638784,0.0669500857118823,1376260096,12.0,12.0,0.0,0,none
1788261219,1.0,1263.0,0.0152633190155029,0.000688577452561,107626496,0.0660838893769852,1375817728,12.0,12.0,0.0,0,none
1788261224,1.0,1264.0,0.0102992057800292,0.0006311711746887,107626496,0.0668728524480146,1375952896,12.0,12.0,0.0,0,none
1788261229,1.0,1265.0,0.0132994651794433,0.0006894108346354,107634688,0.0639162432271104,1375862784,12.0,12.0,0.0,0,none
1788261234,1.0,1266.0,0.0109016895294189,0.0007284882275648,107896832,0.0669219877425599,1375367168,12.0,12.0,0.0,0,none
1788261239,1.0,1267.0,0.0152981281280517,0.0007299402941604,107372544,0.0673435974739237,1375645696,12.0,12.0,0.0,0,none
1788261244,1.0,1268.0,0.0146448612213134,0.0007271567905447,107380736,0.0674431282346543,1375088640,12.0,12.0,0.0,0,none
1788261249,1.0,1269.0,0.013479471206665,0.0007337208883769,107892736,0.0666707487154984,1375342592,12.0,12.0,0.0,0,none
1788261254,1.0,1270.0,0.0134687423706054,0.0007582647691053,108138496,0.0682690019056403,1375879168,12.0,12.0,0.0,0,none
1788261259,1.0,1271.0,0.0198895931243896,0.0007709382235125,107880448,0.0626120463739585,1375354880,12.0,12.0,0.0,0,none
1788261264,1.0,1272.0,0.0167324542999267,0.0007866420323325,107626496,0.0642824937914951,1376641024,12.0,12.0,0.0,0,none
1788261269,1.0,1273.0,0.012873888015747,0.0007886254201871,107888640,0.0476637335672266,1397452800,12.0,12.0,0.0,0,none
1788261274,1.0,1274.0,0.0161840915679931,0.0007839836175495,107634688,0.0685280768055022,1375805440,12.0,12.0,0.0,0,none
1788261279,1.0,1275.0,0.0145618915557861,0.000740483997604,107130880,0.0673558543999735,1376153600,12.0,12.0,0.0,0,none
1788261284,1.0,1276.0,0.0130424499511718,0.0008064858922682,107388928,0.0680053490031036,1375641600,12.0,12.0,0.0,0,none
1788261289,1.0,1277.0,0.0123353004455566,0.0007668217108484,107384832,0.063470316412377,1375641600,12.0,12.0,0.0,0,none
1788261294,1.0,1278.0,0.0144603252410888,0.0007264618104205,107384832,0.067502510774147,1375895552,12.0,12.0,0.0,0,none
1788261299,1.0,1279.0,0.0115940570831298,0.0007584088813099,107368448,0.0681816018998158,1375637504,12.0,12.0,0.0,0,none
1788261304,1.0,1280.0,0.0119762420654296,0.0007440168485544,107126784,0.0676636343229014,1376165888,12.0,12.0,0.0,0,none
1788261309,1.0,1281.0,0.0123648643493652,0.0006955224732089,107126784,0.0663577320232027,1375899648,12.0,12.0,0.0,0,none
1788261314,1.0,1282.0,0.0123579502105712,0.000766006166273,107630592,0.0671198386492521,1375633408,12.0,12.0,0.0,0,none
1788261319,1.0,1283.0,0.0121588706970214,0.0007374782873412,108134400,0.062521982028247,1375641600,12.0,12.0,0.0,0,none
1788261324,1.0,1284.0,0.012113332748413,0.0007222782439586,107130880,0.0524971666869479,1375547392,12.0,12.0,0.0,0,none
1788261329,1.0,1285.0,0.0132966041564941,0.0007149408337229,107134976,0.0422976859597908,1510576128,12.0,12.0,0.0,0,none
1788261334,1.0,1285.0,0.0132966041564941,0.0007123919623646,107917312,0.0724262477426661,1376419840,12.0,12.0,0.0,0,none
1788261339,1.0,1286.0,0.014505386352539,0.0007071472603981,107638784,0.06958543088198,1376141312,12.0,12.0,0.0,0,none
1788261344,1.0,1287.0,0.0123889446258544,0.0007087713534822,108392448,0.0698015901627195,1376182272,12.0,12.0,0.0,0,none
1788261349,1.0,1288.0,0.0156147480010986,0.0006770207377865,108163072,0.0658088229066387,1375416320,12.0,12.0,0.0,0,none
1788261354,1.0,1289.0,0.0156474113464355,0.0006953408719299,107130880,0.069454706515091,1376768000,12.0,12.0,0.0,0,none
1788261359,1.0,1290.0,0.0150010585784912,0.0007446804657648,107388928,0.0705815021197055,1375195136,12.0,12.0,0.0,0,none
1788261364,1.0,1291.0,0.014162540435791,0.0006691527622357,107630592,0.0706293593682941,1375678464,12.0,12.0,0.0,0,none
1788261369,1.0,1292.0,0.0153048038482666,0.0007253956548868,107630592,0.0714357079056288,1375420416,12.0,12.0,0.0,0,none
1788261374,1.0,1293.0,0.0148305892944335,0.0007729882021482,107388928,0.0719063315322475,1375686656,12.0,12.0,0.0,0,none
1788261379,1.0,1294.0,0.0156304836273193,0.000735908128531,107388928,0.0656442799400573,1376194560,12.0,12.0,0.0,0,none
1788261384,1.0,1295.0,0.0165596008300781,0.0008295149601124,107638784,0.0603001103042603,1375309824,12.0,12.0,0.0,0,none
1788261389,1.0,1296.0,0.0163896083831787,0.0007983229376084,107638784,0.0444799299849056,1587617792,12.0,12.0,0.0,0,none
1788261394,1.0,1297.0,0.0164568424224853,0.000762223753799,107638784,0.0670158370553155,1376227328,12.0,12.0,0.0,0,none
1788261399,1.0,1298.0,0.0155012607574462,0.000851152626771,107393024,0.0671061160065772,1375551488,12.0,12.0,0.0,0,none
1788261404,1.0,1299.0,0.0173573493957519,0.0008177295418533,107134976,0.0671869834916137,1375801344,12.0,12.0,0.0,0,none
1788261409,1.0,1300.0,0.0155761241912841,0.0008104589813441,107646976,0.0638214274593087,1375547392,12.0,12.0,0.0,0,none
1788261414,1.0,1301.0,0.01662278175354,0.0008590958039022,107393024,0.0680516073365116,1376423936,12.0,12.0,0.0,0,none
1788261419,1.0,1302.0,0.0158147811889648,0.0008663611433199,107393024,0.0684524317863834,1375981568,12.0,12.0,0.0,0,none
1788261424,1.0,1303.0,0.016273021697998,0.0007502814411924,107134976,0.0676935205228356,1375199232,12.0,12.0,0.0,0,none
1788261429,1.0,1304.0,0.0179641246795654,0.0007614963111488,107134976,0.0675918402409847,1375981568,12.0,12.0,0.0,0,none
1788261434,1.0,1305.0,0.0172915458679199,0.0007586560956437,107642880,0.0695700412943122,1375985664,12.0,12.0,0.0,0,none
1788261439,1.0,1306.0,0.0163943767547607,0.0007640690605314,107642880,0.0645382824885785,1375453184,12.0,12.0,0.0,0,none
1788261444,1.0,1307.0,0.0146467685699462,0.0008344613234266,108699648,0.056211128060667,1376096256,12.0,12.0,0.0,0,none
1788261449,1.0,1308.0,0.0157041549682617,0.0007601251071185,107896832,0.0494974485446248,1490108416,12.0,12.0,0.0,0,none
1788261454,1.0,1309.0,0.0166165828704834,0.0008329308372523,107905024,0.0714761388680191,1376448512,12.0,12.0,0.0,0,none
1788261459,1.0,1310.0,0.0144619941711425,0.0008462474869505,108683264,0.071276464212753,1376493568,12.0,12.0,0.0,0,none
1788261464,1.0,1311.0,0.0103228092193603,0.000870493249463,108154880,0.0710384881611281,1375477760,12.0,12.0,0.0,0,none
1788261469,1.0,1312.0,0.0157275199890136,0.0008579609017994,108175360,0.065512368131714,1376272384,12.0,12.0,0.0,0,none
1788261474,1.0,1313.0,0.0164690017700195,0.000853515107968,108429312,0.0676982931272378,1375469568,12.0,12.0,0.0,0,none
1788261479,1.0,1314.0,0.0187277793884277,0.0008542029800393,108425216,0.0707814090667042,1376772096,12.0,12.0,0.0,0,none
1788261484,1.0,1315.0,0.0155234336853027,0.0007450960624714,108150784,0.0719851415992207,1375993856,12.0,12.0,0.0,0,none
1788261489,1.0,1316.0,0.0095479488372802,0.0007416248264989,107667456,0.070762137480292,1376002048,12.0,12.0,0.0,0,none
1788261494,1.0,1317.0,0.0172171592712402,0.00065362,107667456,0.0726206878592843,1375752192,12.0,12.0,0.0,0,none
1788261499,1.0,1318.0,0.0157732963562011,0.0007392293605134,107900928,0.0667863443490489,1375735808,12.0,12.0,0.0,0,none
1788261504,1.0,1319.0,0.0161755084991455,0.0007476957017593,107646976,0.0527251363281472,1376264192,12.0,12.0,0.0,0,none
1788261509,1.0,1320.0,0.0172796249389648,0.0007395568198831,107642880,0.0349077320533035,1376575488,12.0,12.0,0.0,0,none
1788261514,1.0,1321.0,0.0154306888580322,0.0007785972626055,107929600,0.0687914931721089,1376509952,12.0,12.0,0.0,0,none
1788261519,1.0,1322.0,0.0173118114471435,0.0008186525673171,108150784,0.0680740330693174,1376731136,12.0,12.0,0.0,0,none
1788261524,1.0,1323.0,0.0165865421295166,0.0007735051604747,107397120,0.0699114683415214,1376030720,12.0,12.0,0.0,0,none
1788261529,1.0,1324.0,0.0148639678955078,0.0008415997943331,108965888,0.066784735260871,1375514624,12.0,12.0,0.0,0,none
1788261534,1.0,1325.0,0.0157630443572998,0.0007734304764758,107397120,0.0647628875194347,1375768576,12.0,12.0,0.0,0,none
1788261539,1.0,1326.0,0.0107424259185791,0.0007763115967835,107139072,0.0661437312853159,1375543296,12.0,12.0,0.0,0,none
1788261544,1.0,1327.0,0.0140318870544433,0.0007870529071628,107388928,0.0663740710900157,1375256576,12.0,12.0,0.0,0,none
1788261549,1.0,1328.0,0.0147678852081298,0.0008699164780267,107888640,0.0648898478129303,1375522816,12.0,12.0,0.0,0,none
1788261554,1.0,1329.0,0.0155119895935058,0.0008505465875684,107397120,0.0655792204907306,1376301056,12.0,12.0,0.0,0,none
1788261559,1.0,1330.0,0.0171003341674804,0.0008558748334593,107651072,0.0652891878387438,1375784960,12.0,12.0,0.0,0,none
1788261564,1.0,1331.0,0.0192041397094726,0.000788983623318,107147264,0.0601235608913773,1375256576,12.0,12.0,0.0,0,none
1788261569,1.0,1332.0,0.0100054740905761,0.0007237525251571,107139072,0.0432973231302805,1377112064,12.0,12.0,0.0,0,none
1788261574,1.0,1333.0,0.0121181011199951,0.0006915690560257,107143168,0.0635712013735083,1375850496,12.0,12.0,0.0,0,none
1788261579,1.0,1334.0,0.0169973373413085,0.0007852693033356,108445696,0.0638893128935613,1376075776,12.0,12.0,0.0,0,none
1788261584,1.0,1335.0,0.0164408683776855,0.0007177774542278,108433408,0.0645421934902285,1375555584,12.0,12.0,0.0,0,none
1788261589,1.0,1336.0,0.0104353427886962,0.0007150705297893,107651072,0.0626498446767273,1375543296,12.0,12.0,0.0,0,none
1788261594,1.0,1337.0,0.0162515640258789,0.0007696806602081,108470272,0.0609562030819098,1375551488,12.0,12.0,0.0,0,none
1788261599,1.0,1338.0,0.0158166885375976,0.0007735060005974,108429312,0.0629946553304046,1375289344,12.0,12.0,0.0,0,none
1788261604,1.0,1339.0,0.0158965587615966,0.0007361199224202,107905024,0.0638522221503597,1376108544,12.0,12.0,0.0,0,none
1788261609,1.0,1340.0,0.0170187950134277,0.0007551121644711,108175360,0.0647236334086901,1376337920,12.0,12.0,0.0,0,none
1788261614,1.0,1341.0,0.0169851779937744,0.0007548542381405,108400640,0.064950707585055,1375801344,12.0,12.0,0.0,0,none
1788261619,1.0,1342.0,0.0163807868957519,0.0007596160798207,107626496,0.0661562306478744,1375805440,12.0,12.0,0.0,0,none
1788261624,1.0,1343.0,0.0146863460540771,0.0008134941443803,108384256,0.0494302105646442,1375805440,12.0,12.0,0.0,0,none
1788261629,1.0,1344.0,0.0160098075866699,0.0008470523978998,107671552,0.0427336358765119,1572167680,12.0,12.0,0.0,0,none
1788261634,1.0,1345.0,0.0177443027496337,0.0007542703578265,107143168,0.0651501437520403,1375625216,12.0,12.0,0.0,0,none
1788261639,1.0,1346.0,0.0261592864990234,0.0008274852195559,108179456,0.0653917198307715,1375494144,12.0,12.0,0.0,0,none
1788261644,1.0,1347.0,0.0165631771087646,0.0008843934753187,107909120,0.0669062530880579,1376006144,12.0,12.0,0.0,0,none
1788261649,1.0,1348.0,0.0152039527893066,0.0008391999426482,107913216,0.0661644243603243,1376112640,12.0,12.0,0.0,0,none
1788261654,1.0,1349.0,0.0155999660491943,0.0007947903430749,107913216,0.0646331760952109,1375846400,12.0,12.0,0.0,0,none
1788261659,1.0,1350.0,0.0160107612609863,0.0007023467210181,107913216,0.0676186349359494,1376346112,12.0,12.0,0.0,0,none
1788261664,1.0,1351.0,0.0163238048553466,0.0007985775407012,107651072,0.0679244661639647,1375596544,12.0,12.0,0.0,0,none
1788261669,1.0,1352.0,0.0162534713745117,0.0008018438298345,107646976,0.0672009248765334,1375854592,12.0,12.0,0.0,0,none
1788261674,1.0,1353.0,0.0159025192260742,0.0008465065896371,107630592,0.0678591596414044,1375842304,12.0,12.0,0.0,0,none
1788261679,1.0,1354.0,0.0163769721984863,0.00087465749646,108171264,0.0673586224479817,1376112640,12.0,12.0,0.0,0,none
1788261684,1.0,1355.0,0.0166273117065429,0.0008763004500848,108445696,0.0536087626107618,1375330304,12.0,12.0,0.0,0,none
1788261689,1.0,1356.0,0.0107297897338867,0.0008678321550574,107139072,0.0468164108280294,1489088512,12.0,12.0,0.0,0,none
1788261694,1.0,1357.0,0.0173759460449218,0.0008260666822102,107909120,0.0686700321231784,1376886784,12.0,12.0,0.0,0,none
1788261699,1.0,1358.0,0.0174827575683593,0.0008462267244834,108429312,0.0673102995239197,1376403456,12.0,12.0,0.0,0,none
1788261704,1.0,1359.0,0.015676736831665,0.0008380670935259,108433408,0.0677025119245961,1376149504,12.0,12.0,0.0,0,none
1788261709,1.0,1360.0,0.0161578655242919,0.0009041600371846,108171264,0.0667251450692227,1376149504,12.0,12.0,0.0,0,none
1788261714,1.0,1361.0,0.0116753578186035,0.0008295380611581,107397120,0.0646687803258539,1376411648,12.0,12.0,0.0,0,none
1788261719,1.0,1362.0,0.0152099132537841,0.000826458370959,107651072,0.0661459727533654,1376800768,12.0,12.0,0.0,0,none
1788261724,1.0,1363.0,0.0160279273986816,0.0008185372709418,107143168,0.0662155718057448,1376141312,12.0,12.0,0.0,0,none
1788261729,1.0,1364.0,0.0160129070281982,0.0008393496230356,107905024,0.0663631530956517,1375363072,12.0,12.0,0.0,0,none
1788261734,1.0,1365.0,0.015517234802246,0.0008233708921885,108392448,0.0659751305560526,1376407552,12.0,12.0,0.0,0,none
1788261739,1.0,1366.0,0.0165131092071533,0.0007501139408965,107393024,0.0656518358003958,1376927744,12.0,12.0,0.0,0,none
1788261744,1.0,1367.0,0.0161681175231933,0.0008231362375238,107651072,0.0499781641073849,1376669696,12.0,12.0,0.0,0,none
1788261749,1.0,1368.0,0.0097692012786865,0.0008024730560173,107646976,0.0469108707018778,1415700480,12.0,12.0,0.0,0,none
1788261754,1.0,1369.0,0.0171515941619873,0.0007591809604696,107139072,0.0659432831195381,1376743424,12.0,12.0,0.0,0,none
1788261759,1.0,1370.0,0.0169827938079834,0.0007843115145365,108171264,0.0657728218265894,1375924224,12.0,12.0,0.0,0,none
1788261764,1.0,1371.0,0.0121247768402099,0.0007854860379824,107405312,0.0660909502154549,1376903168,12.0,12.0,0.0,0,none
1788261769,1.0,1372.0,0.017261266708374,0.0008229330313105,107896832,0.0654587415005834,1376133120,12.0,12.0,0.0,0,none
1788261774,1.0,1373.0,0.0149946212768554,0.0008799562825864,108904448,0.0631843243394035,1376133120,12.0,12.0,0.0,0,none
1788261779,1.0,1374.0,0.0168144702911376,0.0008747058823529,108449792,0.0658199898151426,1376169984,12.0,12.0,0.0,0,none
1788261784,1.0,1375.0,0.0157220363616943,0.0008613313893531,108167168,0.0656967527602578,1375899648,12.0,12.0,0.0,0,none
1788261789,1.0,1376.0,0.0149683952331542,0.0007404278134186,107896832,0.0655139726553128,1375891456,12.0,12.0,0.0,0,none
1788261794,1.0,1377.0,0.0153224468231201,0.0008641560309185,108462080,0.0657499353869685,1375883264,12.0,12.0,0.0,0,none
1788261799,1.0,1378.0,0.016580581665039,0.0008198755652262,107905024,0.065991603894149,1375621120,12.0,12.0,0.0,0,none
1788261804,1.0,1379.0,0.0169570446014404,0.0008253359905973,107642880,0.0474790987916071,1375883264,12.0,12.0,0.0,0,none
1788261809,1.0,1380.0,0.0098578929901123,0.0008313845837333,107139072,0.0318138083229028,1376788480,12.0,12.0,0.0,0,none
1788261814,1.0,1381.0,0.0171515941619873,0.000768263619487,107139072,0.0658542252769666,1376763904,12.0,12.0,0.0,0,none
1788261819,1.0,1382.0,0.0146119594573974,0.0007808481986386,107139072,0.0655703313089035,1377288192,12.0,12.0,0.0,0,none
1788261824,1.0,1383.0,0.017380952835083,0.0008022312738807,107393024,0.0649378437886623,1376034816,12.0,12.0,0.0,0,none
1788261829,1.0,1384.0,0.0112326145172119,0.000743907303982,107393024,0.0649424766862195,1375797248,12.0,12.0,0.0,0,none
1788261834,1.0,1385.0,0.0101404190063476,0.0007915905603857,107909120,0.062605535945282,1376038912,12.0,12.0,0.0,0,none
1788261839,1.0,1386.0,0.0095252990722656,0.0007815934817083,108412928,0.0644673661324671,1376342016,12.0,12.0,0.0,0,none
1788261844,1.0,1387.0,0.0095508098602294,0.0008136081520869,107892736,0.0644168452190614,1375436800,12.0,12.0,0.0,0,none
1788261849,1.0,1388.0,0.0153810977935791,0.0006968745382001,107405312,0.0657633383148048,1375956992,12.0,12.0,0.0,0,none
1788261854,1.0,1389.0,0.0164361000061035,0.0006837325732244,107659264,0.0652934340403002,1375961088,12.0,12.0,0.0,0,none
1788261859,1.0,1390.0,0.01531982421875,0.0007725896534215,108650496,0.0642786340923939,1375961088,12.0,12.0,0.0,0,none
1788261864,1.0,1391.0,0.0167820453643798,0.0008013893870462,108163072,0.0606451713185412,1377255424,12.0,12.0,0.0,0,none
1788261869,1.0,1392.0,0.0103380680084228,0.0007202344861898,107905024,0.0373720107606851,1475530752,12.0,12.0,0.0,0,none
1788261874,1.0,1393.0,0.0167295932769775,0.0007346383222594,107393024,0.0646542154966104,1376231424,12.0,12.0,0.0,0,none
1788261879,1.0,1394.0,0.0163214206695556,0.000757179398799,107659264,0.0657660985304803,1377562624,12.0,12.0,0.0,0,none
1788261884,1.0,1395.0,0.0162808895111084,0.000765985267035,107393024,0.0661903909373473,1376264192,12.0,12.0,0.0,0,none
1788261889,1.0,1396.0,0.0157263278961181,0.0007289020422418,107646976,0.064921313951907,1375744000,12.0,12.0,0.0,0,none
1788261894,1.0,1397.0,0.0164670944213867,0.0007473224765258,107139072,0.0626182338895121,1375731712,12.0,12.0,0.0,0,none
1788261899,1.0,1398.0,0.0163545608520507,0.0007840359815612,107651072,0.066482938725732,1376358400,12.0,12.0,0.0,0,none
1788261904,1.0,1399.0,0.0162913799285888,0.0008332106633156,108163072,0.0648943141641682,1375997952,12.0,12.0,0.0,0,none
1788261909,1.0,1400.0,0.0154483318328857,0.0008308430875451,107900928,0.0651322811128963,1376251904,12.0,12.0,0.0,0,none
1788261914,1.0,1401.0,0.0170090198516845,0.0007698825270557,107905024,0.0660934357959573,1376256000,12.0,12.0,0.0,0,none
1788261919,1.0,1402.0,0.0146629810333251,0.000766034824774,107397120,0.0665392945355637,1375993856,12.0,12.0,0.0,0,none
1788261924,1.0,1403.0,0.0172650814056396,0.0008158858821655,107397120,0.0561332381785546,1376526336,12.0,12.0,0.0,0,none
1788261929,1.0,1404.0,0.0099909305572509,0.0007768964128911,107397120,0.0317757526669559,1376452608,11.0,11.0,0.0,0,none
1788261934,1.0,1405.0,0.0177288055419921,0.0008540710584752,107388928,0.065102123386301,1376800768,11.0,11.0,0.0,0,none
1788261939,1.0,1406.0,0.0167241096496582,0.000823837800246,107630592,0.064637221268461,1376440320,11.0,11.0,0.0,0,none
1788261944,1.0,1407.0,0.017641544342041,0.0008347205059242,108138496,0.0650884630853013,1377329152,11.0,11.0,0.0,0,none
1788261949,1.0,1408.0,0.0160834789276123,0.0008400284329092,107622400,0.0651776068337752,1376550912,11.0,11.0,0.0,0,none
1788261954,1.0,1409.0,0.0164461135864257,0.0008290135883241,107388928,0.06241248900481,1376284672,11.0,11.0,0.0,0,none
1788261959,1.0,1410.0,0.0163476467132568,0.0008442097529617,107634688,0.0653375432001747,1377398784,11.0,11.0,0.0,0,none
1788261964,1.0,1411.0,0.017317771911621,0.0008715903376281,107388928,0.0657119613642851,1376972800,11.0,11.0,0.0,0,none
1788261969,1.0,1412.0,0.0113472938537597,0.0008727286351204,107388928,0.065087041468926,1376292864,11.0,11.0,0.0,0,none
1788261974,1.0,1413.0,0.0135231018066406,0.0008134753306663,107380736,0.0651271630205244,1377075200,11.0,11.0,0.0,0,none
1788261979,1.0,1414.0,0.0133450031280517,0.0007918642466524,107642880,0.0658742294396136,1376301056,11.0,11.0,0.0,0,none
1788261984,1.0,1415.0,0.0098681449890136,0.0007281307217264,107905024,0.0620004224128803,1377345536,11.0,11.0,0.0,0,none
1788261989,1.0,1416.0,0.014845848083496,0.0007641707741374,107884544,0.0431307088711895,1586343936,12.0,12.0,0.0,0,none
1788261994,1.0,1417.0,0.0170590877532959,0.0007623532423832,107651072,0.0662962685370149,1378234368,12.0,12.0,0.0,0,none
1788261999,1.0,1418.0,0.0170614719390869,0.0006722969528265,107651072,0.0659221229810205,1377333248,12.0,12.0,0.0,0,none
1788262004,1.0,1419.0,0.0170128345489501,0.0007693632306923,108400640,0.0660029628171558,1376784384,12.0,12.0,0.0,0,none
1788262009,1.0,1420.0,0.0166280269622802,0.0007610187696844,108404736,0.0654907060537479,1378131968,12.0,12.0,0.0,0,none
1788262014,1.0,1421.0,0.017219066619873,0.0007612859964841,107384832,0.0628851012166714,1376854016,12.0,12.0,0.0,0,none
1788262019,1.0,1422.0,0.0161170959472656,0.0007656358392055,107884544,0.0636067701469737,1376845824,12.0,12.0,0.0,0,none
1788262024,1.0,1423.0,0.016726016998291,0.0007255424027431,107397120,0.0665257729766823,1376395264,12.0,12.0,0.0,0,none
1788262029,1.0,1424.0,0.0175404548645019,0.0008020612419541,107397120,0.0655244455867909,1376378880,12.0,12.0,0.0,0,none
1788262034,1.0,1425.0,0.0170514583587646,0.0008248138866366,107397120,0.0653570258512403,1376595968,12.0,12.0,0.0,0,none
1788262039,1.0,1426.0,0.0169892311096191,0.0008309968706473,107655168,0.0658426216938941,1376063488,12.0,12.0,0.0,0,none
1788262044,1.0,1427.0,0.016838788986206,0.0008533948940793,107905024,0.0506526489094242,1377103872,12.0,12.0,0.0,0,none
1788262049,1.0,1428.0,0.0158603191375732,0.0008931819862456,107139072,0.0281770517913971,1376591872,12.0,12.0,0.0,0,none
1788262054,1.0,1429.0,0.0165832042694091,0.000849617951446,107429888,0.0650359890934137,1377406976,12.0,12.0,0.0,0,none
1788262059,1.0,1430.0,0.015885591506958,0.0008497745557422,107642880,0.0653025672941669,1376456704,12.0,12.0,0.0,0,none
1788262064,1.0,1431.0,0.0167884826660156,0.0008806852610124,107409408,0.0644739901090411,1376784384,12.0,12.0,0.0,0,none
1788262069,1.0,1432.0,0.0156371593475341,0.000870132238942,107646976,0.0648774252399363,1376522240,12.0,12.0,0.0,0,none
1788262074,1.0,1433.0,0.0162670612335205,0.0008676999060133,107646976,0.0637607843708138,1376014336,12.0,12.0,0.0,0,none
1788262079,1.0,1434.0,0.0142560005187988,0.0008670153834976,107634688,0.0615170197875125,1376636928,12.0,12.0,0.0,0,none
1788262084,1.0,1435.0,0.0167696475982666,0.0008388936565829,107401216,0.0642030567878509,1376378880,12.0,12.0,0.0,0,none
1788262089,1.0,1436.0,0.0166773796081542,0.0008497048750273,107139072,0.0636059630242224,1375858688,12.0,12.0,0.0,0,none
1788262094,1.0,1437.0,0.0097858905792236,0.0008569035037652,107646976,0.0639601836803349,1376374784,12.0,12.0,0.0,0,none
1788262099,1.0,1438.0,0.0141389369964599,0.0008136360344702,107888640,0.0644241984705334,1375592448,12.0,12.0,0.0,0,none
1788262104,1.0,1439.0,0.0205259323120117,0.0007870231626076,107376640,0.0626166888162016,1377935360,12.0,12.0,0.0,0,none
1788262109,1.0,1440.0,0.0147511959075927,0.0008033339473199,107384832,0.0274195617553812,1376886784,12.0,12.0,0.0,0,none
1788262114,1.0,1441.0,0.0165174007415771,0.0007988050348834,107638784,0.0644804910136139,1377964032,12.0,12.0,0.0,0,none
1788262119,1.0,1442.0,0.0091798305511474,0.0007822678139667,107667456,0.0645036098667979,1377107968,12.0,12.0,0.0,0,none
1788262124,1.0,1443.0,0.0175013542175292,0.0007836986000146,107913216,0.0651766911805991,1376849920,12.0,12.0,0.0,0,none
1788262129,1.0,1444.0,0.0143642425537109,0.0007939794580419,107655168,0.0648730376078982,1376432128,12.0,12.0,0.0,0,none
1788262134,1.0,1445.0,0.0156247615814208,0.0007736653899911,107642880,0.0646214515206186,1376423936,12.0,12.0,0.0,0,none
1788262139,1.0,1446.0,0.0167093276977539,0.0007921506544189,107642880,0.0628653452938288,1376686080,12.0,12.0,0.0,0,none
1788262144,1.0,1447.0,0.0167467594146728,0.0007819805194805,107646976,0.0657522576884553,1375809536,12.0,12.0,0.0,0,none
1788262149,1.0,1448.0,0.0145564079284667,0.0007693165524932,107139072,0.065346452282716,1376579584,12.0,12.0,0.0,0,none
1788262154,1.0,1449.0,0.016392707824707,0.0007965426007365,107393024,0.0654229810668785,1376423936,12.0,12.0,0.0,0,none
1788262159,1.0,1450.0,0.0164639949798584,0.0008304598750776,107393024,0.0659480632193958,1375895552,12.0,12.0,0.0,0,none
1788262164,1.0,1451.0,0.0174617767333984,0.000815012731772,107143168,0.0643186808603912,1377202176,12.0,12.0,0.0,0,none
1788262169,1.0,1452.0,0.0091710090637207,0.0008236192693084,107397120,0.0284053980358375,1376686080,12.0,12.0,0.0,0,none
1788262174,1.0,1453.0,0.012423038482666,0.000793087181348,107397120,0.0656171324538361,1376915456,12.0,12.0,0.0,0,none
1788262179,1.0,1454.0,0.0174887180328369,0.0008070213773261,107651072,0.0646832296430503,1376497664,12.0,12.0,0.0,0,none
1788262184,1.0,1455.0,0.0165214538574218,0.0007849820239917,107397120,0.0644380442226603,1376493568,12.0,12.0,0.0,0,none
1788262189,1.0,1456.0,0.0152297019958496,0.0008044481441937,107393024,0.0645980687383659,1376501760,12.0,12.0,0.0,0,none
1788262194,1.0,1457.0,0.015810489654541,0.0008023349508478,107642880,0.064008095006776,1376018432,12.0,12.0,0.0,0,none
1788262199,1.0,1458.0,0.0175817012786865,0.0008104992205343,107909120,0.0606105355803103,1376780288,12.0,12.0,0.0,0,none
1788262204,1.0,1459.0,0.016702651977539,0.0008239862109867,108158976,0.063726645707376,1376288768,12.0,12.0,0.0,0,none
1788262209,1.0,1460.0,0.018106460571289,0.0008305373792796,108695552,0.0629844321529213,1376903168,12.0,12.0,0.0,0,none
1788262214,1.0,1461.0,0.0200738906860351,0.0008161202185792,107687936,0.0638067355828048,1376129024,12.0,12.0,0.0,0,none
1788262219,1.0,1462.0,0.0172541141510009,0.0008415998804386,108216320,0.064027468215499,1375956992,12.0,12.0,0.0,0,none
1788262224,1.0,1463.0,0.0233495235443115,0.000829350350149,107712512,0.0632445228032862,1377259520,12.0,12.0,0.0,0,none
1788262229,1.0,1464.0,0.0184168815612792,0.0008367555904993,107905024,0.0269808059655705,1375956992,12.0,12.0,0.0,0,none
1788262234,1.0,1465.0,0.0237717628479003,0.0008382749817651,108417024,0.0634635619774416,1377415168,12.0,12.0,0.0,0,none
1788262239,1.0,1466.0,0.0201408863067626,0.0008337184565727,107651072,0.0632903868776484,1377542144,12.0,12.0,0.0,0,none
1788262244,1.0,1467.0,0.019360065460205,0.000841601360343,108175360,0.063904691728761,1376768000,12.0,12.0,0.0,0,none
1788262249,1.0,1468.0,0.0183098316192626,0.0008385390935206,107884544,0.0644253792387924,1376980992,12.0,12.0,0.0,0,none
1788262254,1.0,1469.0,0.0198471546173095,0.0008215048658912,108158976,0.064403512213675,1376493568,12.0,12.0,0.0,0,none
1788262259,1.0,1470.0,0.0116128921508789,0.000814691542378,107651072,0.0621981150899018,1376505856,12.0,12.0,0.0,0,none
1788262264,1.0,1471.0,0.0168471336364746,0.0008042363882684,107921408,0.0648191110805568,1375879168,12.0,12.0,0.0,0,none
1788262269,1.0,1472.0,0.0185327529907226,0.0008003980353849,108421120,0.0644586849967005,1376395264,12.0,12.0,0.0,0,none
1788262274,1.0,1473.0,0.0189595222473144,0.0007917696958758,107651072,0.0651034941675426,1376505856,12.0,12.0,0.0,0,none
1788262279,1.0,1474.0,0.0167515277862548,0.0007966968935503,107397120,0.064459344032517,1375727616,12.0,12.0,0.0,0,none
1788262284,1.0,1475.0,0.0171887874603271,0.0007899648461566,107397120,0.0636537234196616,1376501760,12.0,12.0,0.0,0,none
1788262289,1.0,1476.0,0.0124599933624267,0.0007748768648725,107651072,0.0279234691060427,1376243712,12.0,12.0,0.0,0,none
1788262294,1.0,1477.0,0.0186681747436523,0.0007788682014124,107905024,0.0650358673951086,1377132544,12.0,12.0,0.0,0,none
1788262299,1.0,1478.0,0.0197138786315917,0.0007635615009799,107909120,0.0643885979916182,1376047104,12.0,12.0,0.0,0,none
1788262304,1.0,1479.0,0.0179963111877441,0.000773203236554,107675648,0.0639288658739212,1377071104,12.0,12.0,0.0,0,none
1788262309,1.0,1480.0,0.0182206630706787,0.0007821099238875,107921408,0.0652597600927205,1376280576,12.0,12.0,0.0,0,none
1788262314,1.0,1481.0,0.017045259475708,0.0007718397270714,108208128,0.0638327004033369,1376538624,12.0,12.0,0.0,0,none
1788262319,1.0,1482.0,0.019536018371582,0.0007816328704854,108396544,0.0621243489287348,1376546816,12.0,12.0,0.0,0,none
1788262324,1.0,1483.0,0.019026756286621,0.0007874836325805,107929600,0.0645931141016772,1376313344,12.0,12.0,0.0,0,none
1788262329,1.0,1484.0,0.0195136070251464,0.0007851484441907,107909120,0.0641545813086388,1376440320,12.0,12.0,0.0,0,none
1788262334,1.0,1485.0,0.0152614116668701,0.0008083470319634,107921408,0.0647589384160131,1376694272,12.0,12.0,0.0,0,none
1788262339,1.0,1486.0,0.0129384994506835,0.0008457317186599,107651072,0.0653729364460197,1376694272,12.0,12.0,0.0,0,none
1788262344,1.0,1487.0,0.0171494483947753,0.0008306068988257,108138496,0.065149996499858,1376690176,12.0,12.0,0.0,0,none
1788262349,1.0,1488.0,0.0111708641052246,0.0008488213878571,108437504,0.0410795571257309,1587019776,12.0,12.0,0.0,0,none
1788262354,1.0,1489.0,0.0177643299102783,0.0008245240020583,107900928,0.0649434345697089,1377603584,12.0,12.0,0.0,0,none
1788262359,1.0,1490.0,0.0131261348724365,0.000826699471478,107655168,0.0659531674140273,1377226752,12.0,12.0,0.0,0,none
1788262364,1.0,1491.0,0.0181014537811279,0.000814197340493,107659264,0.0649394941350969,1376296960,12.0,12.0,0.0,0,none
1788262369,1.0,1492.0,0.0159587860107421,0.0008044556247285,107630592,0.0656822804369275,1377091584,12.0,12.0,0.0,0,none
1788262374,1.0,1493.0,0.0190718173980712,0.0008147481680734,107646976,0.0648341030631983,1376829440,12.0,12.0,0.0,0,none
1788262379,1.0,1494.0,0.017005443572998,0.0007991211436073,108421120,0.0617835012679687,1376817152,12.0,12.0,0.0,0,none
1788262384,1.0,1495.0,0.0160222053527832,0.0007945653171761,107888640,0.065335759986857,1376288768,12.0,12.0,0.0,0,none
1788262389,1.0,1496.0,0.0174813270568847,0.0007594421952316,108429312,0.0642346908776151,1376796672,12.0,12.0,0.0,0,none
1788262394,1.0,1497.0,0.0167088508605957,0.000769673634696,108175360,0.0644588681146005,1376313344,12.0,12.0,0.0,0,none
1788262399,1.0,1498.0,0.0181994438171386,0.0007799192462988,107413504,0.0642663630113343,1376325632,12.0,12.0,0.0,0,none
1788262404,1.0,1499.0,0.016984224319458,0.0007750981193059,107945984,0.0515186313516643,1376067584,12.0,12.0,0.0,0,none
1788262409,1.0,1500.0,0.0128514766693115,0.0008143456086538,107634688,0.0275966788416743,1377882112,12.0,12.0,0.0,0,none
1788262414,1.0,1501.0,0.0185198783874511,0.0007838610457752,107622400,0.0638256161078857,1377607680,12.0,12.0,0.0,0,none
1788262419,1.0,1502.0,0.0199143886566162,0.0007976721594588,108118016,0.0636796470901567,1376800768,12.0,12.0,0.0,0,none
1788262424,1.0,1503.0,0.0173921585083007,0.0008348884381338,108122112,0.0628832396151785,1376526336,12.0,12.0,0.0,0,none
1788262429,1.0,1504.0,0.0167510509490966,0.0008211318982953,108900352,0.0640129106905419,1376604160,12.0,12.0,0.0,0,none
1788262434,1.0,1505.0,0.018113374710083,0.0008299392574266,108933120,0.0643460552837561,1376624640,12.0,12.0,0.0,0,none
1788262439,1.0,1506.0,0.0157089233398437,0.000812827510917,108400640,0.0618413758966247,1376612352,12.0,12.0,0.0,0,none
1788262444,1.0,1507.0,0.0184149742126464,0.0008323671764294,108388352,0.0648656611136751,1377165312,12.0,12.0,0.0,0,none
1788262449,1.0,1508.0,0.0187270641326904,0.000814944816356,108879872,0.0638112262021365,1376116736,12.0,12.0,0.0,0,none
1788262454,1.0,1509.0,0.0179741382598876,0.0008123342415985,107638784,0.0646702247663318,1376354304,12.0,12.0,0.0,0,none
1788262459,1.0,1510.0,0.0161070823669433,0.0008267680469036,107143168,0.0651704813983724,1376616448,12.0,12.0,0.0,0,none
1788262464,1.0,1511.0,0.0174634456634521,0.0008134712220477,107384832,0.0634590255793061,1377128448,12.0,12.0,0.0,0,none
1788262469,1.0,1512.0,0.0109145641326904,0.0008458903482259,107892736,0.032723858549776,1453359104,12.0,12.0,0.0,0,none
1788262474,1.0,1513.0,0.017672061920166,0.0007795695155296,107651072,0.0665806866711535,1377980416,12.0,12.0,0.0,0,none
1788262479,1.0,1514.0,0.0130693912506103,0.0007132949315328,107651072,0.06779010288645,1376985088,12.0,12.0,0.0,0,none
1788262484,1.0,1515.0,0.0169064998626709,0.0007560666110415,107421696,0.0721756591185055,1378615296,12.0,12.0,0.0,0,none
1788262489,1.0,1516.0,0.0176360607147216,0.0007021746484682,107421696,0.0737092601208876,1377951744,12.0,12.0,0.0,0,none
1788262494,1.0,1517.0,0.0202076435089111,0.0007873215097771,107687936,0.072510356637632,1377710080,12.0,12.0,0.0,0,none
1788262499,1.0,1518.0,0.0191731452941894,0.0007885336989464,107679744,0.0712690546010302,1376428032,12.0,12.0,0.0,0,none
1788262504,1.0,1519.0,0.0191273689270019,0.000781684456005,107945984,0.0731853690445564,1376821248,12.0,12.0,0.0,0,none
1788262509,1.0,1520.0,0.0197527408599853,0.000806880389608,108183552,0.0733389455921467,1377210368,12.0,12.0,0.0,0,none
1788262514,1.0,1521.0,0.0144131183624267,0.0008009483780579,107937792,0.0735066590339537,1376686080,12.0,12.0,0.0,0,none
1788262519,1.0,1522.0,0.0182380676269531,0.0007925259843093,108408832,0.0741436313470737,1376681984,12.0,12.0,0.0,0,none
1788262524,1.0,1523.0,0.0191428661346435,0.0007500128479657,107905024,0.0685948983275142,1377210368,12.0,12.0,0.0,0,none
1788262529,1.0,1524.0,0.0105431079864501,0.000728823254619,107905024,0.038841625906897,1450598400,12.0,12.0,0.0,0,none
1788262534,1.0,1525.0,0.0177783966064453,0.0007567886158968,107646976,0.0721400619337133,1379180544,12.0,12.0,0.0,0,none
1788262539,1.0,1526.0,0.0153133869171142,0.0007594005684264,107397120,0.0662004173698076,1377280000,12.0,12.0,0.0,0,none
1788262544,1.0,1527.0,0.0109341144561767,0.0006755283333333,107397120,0.0644990908910444,1377509376,12.0,12.0,0.0,0,none
1788262549,1.0,1528.0,0.0169899463653564,0.0007856028728961,107892736,0.0652091294835911,1378000896,12.0,12.0,0.0,0,none
1788262554,1.0,1529.0,0.0177071094512939,0.0007835021602584,108154880,0.0642541135613079,1376976896,12.0,12.0,0.0,0,none
1788262559,1.0,1530.0,0.0191943645477294,0.0007892020063839,107646976,0.0626440605175832,1377230848,12.0,12.0,0.0,0,none
1788262564,1.0,1531.0,0.0192489624023437,0.0007429714008725,107642880,0.0644458802374979,1377964032,12.0,12.0,0.0,0,none
1788262569,1.0,1532.0,0.0171220302581787,0.0006934333990968,107642880,0.0644490039069124,1377042432,12.0,12.0,0.0,0,none
1788262574,1.0,1533.0,0.0177233219146728,0.0008102767534547,108163072,0.0640972157549045,1377501184,12.0,12.0,0.0,0,none
1788262579,1.0,1534.0,0.0165162086486816,0.0007492263255622,107397120,0.0662227172864,1376985088,12.0,12.0,0.0,0,none
1788262584,1.0,1535.0,0.012239933013916,0.0006632999999999,107397120,0.0623216891263139,1376985088,12.0,12.0,0.0,0,none
1788262589,1.0,1536.0,0.0147550106048583,0.0008078062698906,108171264,0.0316273821486813,1450385408,12.0,12.0,0.0,0,none
1788262594,1.0,1537.0,0.0162053108215332,0.000758672465569,107905024,0.064904553562729,1377910784,12.0,12.0,0.0,0,none
1788262599,1.0,1538.0,0.0193710327148437,0.000687335,107905024,0.0659371187163006,1377189888,12.0,12.0,0.0,0,none
1788262604,1.0,1539.0,0.0182623863220214,0.0008430561125897,107659264,0.0649819682081414,1377456128,12.0,12.0,0.0,0,none
1788262609,1.0,1540.0,0.0152010917663574,0.0008070497682148,107651072,0.0657914915655868,1378304000,12.0,12.0,0.0,0,none
1788262614,1.0,1540.0,0.0152010917663574,0.0007532236738713,107651072,0.0651067359983671,1378312192,12.0,12.0,0.0,0,none
1788262619,1.0,1541.0,0.0164771080017089,0.000799721810759,107413504,0.063582346901845,1377021952,12.0,12.0,0.0,0,none
1788262624,1.0,1542.0,0.0174453258514404,0.0007502462298482,107880448,0.0654932850990022,1377394688,12.0,12.0,0.0,0,none
1788262629,1.0,1543.0,0.0179848670959472,0.0007883920985556,107888640,0.0663551612006418,1376747520,12.0,12.0,0.0,0,none
1788262634,1.0,1544.0,0.0172033309936523,0.0008138514686797,107655168,0.0638032820292576,1377529856,12.0,12.0,0.0,0,none
1788262639,1.0,1545.0,0.0196433067321777,0.0007572002024483,108167168,0.0646234213324999,1376751616,12.0,12.0,0.0,0,none
1788262644,1.0,1546.0,0.0188639163970947,0.0008060310865983,107945984,0.0611388483708223,1377533952,12.0,12.0,0.0,0,none
1788262649,1.0,1547.0,0.0180666446685791,0.0008257135140001,108175360,0.0280778675495995,1377271808,12.0,12.0,0.0,0,none
1788262654,1.0,1548.0,0.0234761238098144,0.000764763165737,107622400,0.0614184823074802,1389563904,12.0,12.0,0.0,0,none
1788262659,1.0,1549.0,0.0176243782043457,0.0008306248651758,108179456,0.0637820957183965,1377669120,12.0,12.0,0.0,0,none
1788262664,1.0,1550.0,0.0188157558441162,0.0008683176612978,108179456,0.0638373634205098,1377583104,12.0,12.0,0.0,0,none
1788262669,1.0,1551.0,0.0186107158660888,0.0008418883851876,108404736,0.0642183803437245,1377923072,12.0,12.0,0.0,0,none
1788262674,1.0,1552.0,0.0194489955902099,0.0008872897771502,107905024,0.0621612330478093,1377443840,12.0,12.0,0.0,0,none
1788262679,1.0,1553.0,0.0165104866027832,0.0008750317086428,107642880,0.0605897371672009,1376915456,12.0,12.0,0.0,0,none
1788262684,1.0,1554.0,0.0176990032196044,0.0008773302688701,107626496,0.0602394627746095,1376915456,12.0,12.0,0.0,0,none
1788262689,1.0,1555.0,0.0166249275207519,0.0008570911787581,108654592,0.063429556775944,1376968704,12.0,12.0,0.0,0,none
1788262694,1.0,1556.0,0.0189321041107177,0.0008278466035634,108158976,0.0637550543743369,1376698368,12.0,12.0,0.0,0,none
1788262699,1.0,1557.0,0.0181193351745605,0.0008208782875461,107651072,0.064041197517151,1376522240,12.0,12.0,0.0,0,none
1788262704,1.0,1558.0,0.0184729099273681,0.0008210325120169,107651072,0.0633135758424415,1377046528,12.0,12.0,0.0,0,none
1788262709,1.0,1559.0,0.0181806087493896,0.0008164999912735,107646976,0.030743366798677,1376788480,12.0,12.0,0.0,0,none
1788262714,1.0,1560.0,0.018970251083374,0.0007652899341851,107646976,0.0635710343756679,1379082240,12.0,12.0,0.0,0,none
1788262719,1.0,1561.0,0.0156097412109375,0.0008084273543633,108384256,0.065478022951514,1377751040,12.0,12.0,0.0,0,none
1788262724,1.0,1562.0,0.0161049365997314,0.0007484738519975,107888640,0.06504988997899,1377333248,12.0,12.0,0.0,0,none
1788262729,1.0,1563.0,0.0165936946868896,0.0007540478905359,107888640,0.0662252629841541,1377595392,12.0,12.0,0.0,0,none
1788262734,1.0,1564.0,0.0185747146606445,0.0007324854975457,108400640,0.0661795640805249,1377595392,12.0,12.0,0.0,0,none
1788262739,1.0,1565.0,0.0156993865966796,0.0007448021052998,108404736,0.0654123349686146,1377075200,12.0,12.0,0.0,0,none
1788262744,1.0,1566.0,0.0175693035125732,0.0006977985850436,108404736,0.0633142236294433,1377329152,12.0,12.0,0.0,0,none
1788262749,1.0,1567.0,0.0183217525482177,0.0007501997845801,108134400,0.0651332662806185,1377849344,12.0,12.0,0.0,0,none
1788262754,1.0,1568.0,0.0189061164855957,0.0007473386583611,108134400,0.0658773455527008,1378361344,12.0,12.0,0.0,0,none
1788262759,1.0,1569.0,0.0193934440612792,0.0007252062596628,108126208,0.0654003528274053,1377333248,12.0,12.0,0.0,0,none
1788262764,1.0,1570.0,0.017383337020874,0.0007888032795885,108912640,0.0648051811254967,1377595392,12.0,12.0,0.0,0,none
1788262769,1.0,1571.0,0.0163815021514892,0.0006677562858353,107888640,0.0348939807112468,1454907392,12.0,12.0,0.0,0,none
1788262774,1.0,1572.0,0.0174849033355712,0.0007427293064876,107884544,0.0621355024352088,1378717696,12.0,12.0,0.0,0,none
1788262779,1.0,1573.0,0.0184085369110107,0.0008034689406695,108154880,0.0661187717764773,1377591296,12.0,12.0,0.0,0,none
1788262784,1.0,1574.0,0.0191221237182617,0.0008693897940362,109178880,0.0653470661090548,1377636352,12.0,12.0,0.0,0,none
1788262789,1.0,1575.0,0.0176680088043212,0.0008671233116689,108404736,0.0659856348431703,1377619968,12.0,12.0,0.0,0,none
1788262794,1.0,1576.0,0.0185697078704834,0.0007874377056887,107888640,0.0663604992671406,1377107968,12.0,12.0,0.0,0,none
1788262799,1.0,1577.0,0.0177366733551025,0.0007729038872201,108920832,0.0662450620934629,1377103872,12.0,12.0,0.0,0,none
1788262804,1.0,1578.0,0.0175426006317138,0.0008422384392533,108421120,0.0643163075248959,1377615872,12.0,12.0,0.0,0,none
1788262809,1.0,1579.0,0.0189316272735595,0.0007124379943152,107618304,0.0659392078986863,1378398208,12.0,12.0,0.0,0,none
1788262814,1.0,1580.0,0.0180132389068603,0.0008444624806315,108433408,0.0658706543848404,1377378304,12.0,12.0,0.0,0,none
1788262819,1.0,1581.0,0.0136904716491699,0.000837611038299,108150784,0.0666454652790376,1377107968,12.0,12.0,0.0,0,none
1788262824,1.0,1582.0,0.0115046501159667,0.0008406101571062,107642880,0.0625421633645479,1377120256,12.0,12.0,0.0,0,none
1788262829,1.0,1583.0,0.0175004005432128,0.0008105896770472,107646976,0.0319959247511084,1376841728,12.0,12.0,0.0,0,none
1788262834,1.0,1584.0,0.0167293548583984,0.0007771825155241,107409408,0.0618863873829537,1378676736,12.0,12.0,0.0,0,none
1788262839,1.0,1585.0,0.0192348957061767,0.0007770227999443,107405312,0.0653636209173638,1377800192,12.0,12.0,0.0,0,none
1788262844,1.0,1586.0,0.0181119441986084,0.0007706297967967,107405312,0.0642434376708615,1377812480,12.0,12.0,0.0,0,none
1788262849,1.0,1587.0,0.0189201831817626,0.0008131564098363,107663360,0.0652690996260956,1377554432,12.0,12.0,0.0,0,none
1788262854,1.0,1588.0,0.0190677642822265,0.0007540676664981,107147264,0.06448172576661,1377140736,12.0,12.0,0.0,0,none
1788262859,1.0,1589.0,0.0189127922058105,0.0007639137475496,107659264,0.0638504063244042,1376866304,12.0,12.0,0.0,0,none
1788262864,1.0,1590.0,0.0103042125701904,0.000828924977804,107659264,0.0622039849681232,1377406976,12.0,12.0,0.0,0,none
1788262869,1.0,1591.0,0.0179004669189453,0.000791250157598,108466176,0.0653582053522372,1377419264,12.0,12.0,0.0,0,none
1788262874,1.0,1592.0,0.0187141895294189,0.0008121839501649,108437504,0.0644738843283335,1376641024,12.0,12.0,0.0,0,none
1788262879,1.0,1593.0,0.0186114311218261,0.0008608794608723,108691456,0.065040951357018,1377157120,12.0,12.0,0.0,0,none
1788262884,1.0,1594.0,0.0195620059967041,0.000815509806398,107638784,0.0647273063058141,1376882688,12.0,12.0,0.0,0,none
1788262889,1.0,1595.0,0.0196843147277832,0.0007676130389063,107634688,0.0317593499808454,1376366592,12.0,12.0,0.0,0,none
1788262894,1.0,1596.0,0.0212388038635253,0.000906993789299,108158976,0.0630789590119228,1378729984,12.0,12.0,0.0,0,none
1788262899,1.0,1597.0,0.0180222988128662,0.0009108262990784,108642304,0.0646099622427438,1377669120,12.0,12.0,0.0,0,none
1788262904,1.0,1598.0,0.0193607807159423,0.0008980181885086,108638208,0.063928777859386,1377185792,12.0,12.0,0.0,0,none
1788262909,1.0,1599.0,0.0182821750640869,0.0009046313816336,107933696,0.0653151855975771,1378222080,12.0,12.0,0.0,0,none
1788262914,1.0,1600.0,0.0185351371765136,0.0008572344557212,108711936,0.0654127709877306,1378484224,12.0,12.0,0.0,0,none
1788262919,1.0,1601.0,0.0186610221862792,0.0007599975774905,107892736,0.0650380077260422,1377177600,12.0,12.0,0.0,0,none
1788262924,1.0,1602.0,0.0180602073669433,0.0008239153039039,107892736,0.0614524330609616,1377443840,12.0,12.0,0.0,0,none
1788262929,1.0,1603.0,0.0195965766906738,0.0008639656850376,107880448,0.0648007203559558,1377464320,12.0,12.0,0.0,0,none
1788262934,1.0,1604.0,0.0198519229888916,0.0008635169665671,108408832,0.0638263829368602,1377193984,12.0,12.0,0.0,0,none
1788262939,1.0,1605.0,0.0181128978729248,0.0008971813267145,108142592,0.0642415286906806,1377189888,12.0,12.0,0.0,0,none
1788262944,1.0,1606.0,0.0190441608428955,0.000895036751058,108142592,0.0631707104379117,1376931840,12.0,12.0,0.0,0,none
1788262949,1.0,1607.0,0.0179622173309326,0.0008757553826668,108167168,0.0306748976578744,1376673792,12.0,12.0,0.0,0,none
1788262954,1.0,1608.0,0.01481294631958,0.000819776181727,107151360,0.0624572376888103,1378594816,12.0,12.0,0.0,0,none
1788262959,1.0,1609.0,0.0179083347320556,0.0008306712875762,107405312,0.0655260859434504,1377161216,12.0,12.0,0.0,0,none
1788262964,1.0,1610.0,0.0189011096954345,0.0008181968782211,107401216,0.0641412494432522,1377161216,12.0,12.0,0.0,0,none
1788262969,1.0,1611.0,0.0176842212677001,0.0008150530540436,107409408,0.0643007648395624,1377206272,12.0,12.0,0.0,0,none
1788262974,1.0,1612.0,0.0181450843811035,0.000800481690295,107913216,0.0646104920396698,1377193984,12.0,12.0,0.0,0,none
1788262979,1.0,1613.0,0.018838882446289,0.000724278212762,107659264,0.0650841353071834,1376940032,12.0,12.0,0.0,0,none
1788262984,1.0,1614.0,0.0164053440093994,0.0008378158991287,108433408,0.0626630297405898,1377198080,12.0,12.0,0.0,0,none
1788262989,1.0,1615.0,0.0101666450500488,0.0008295655050727,108691456,0.0649420404308607,1376698368,12.0,12.0,0.0,0,none
1788262994,1.0,1616.0,0.0099971294403076,0.0008160368830229,107659264,0.0650143743743853,1376714752,12.0,12.0,0.0,0,none
1788262999,1.0,1617.0,0.0277075767517089,0.0006333362604812,107409408,0.0664348417816168,1377226752,12.0,12.0,0.0,0,none
1788263004,1.0,1618.0,0.0293800830841064,0.0006811245722741,107413504,0.0650549727966381,1376960512,12.0,12.0,0.0,0,none
1788263009,1.0,1619.0,0.0333495140075683,0.0007272577455504,107913216,0.041363318459904,1524916224,12.0,12.0,0.0,0,none
1788263014,1.0,1620.0,0.0356061458587646,0.0007707043446049,108437504,0.0637063314056342,1377869824,12.0,12.0,0.0,0,none
1788263019,1.0,1621.0,0.0366227626800537,0.0007112784683785,107663360,0.0668651801776968,1377595392,12.0,12.0,0.0,0,none
1788263024,1.0,1622.0,0.0387539863586425,0.0007113602147612,108167168,0.0664930174192628,1377046528,12.0,12.0,0.0,0,none
1788263029,1.0,1623.0,0.0385928153991699,0.0007339562602314,107155456,0.0668062321964635,1378074624,12.0,12.0,0.0,0,none
1788263034,1.0,1624.0,0.0286345481872558,0.0007501888964847,107675648,0.0664279158328163,1378271232,12.0,12.0,0.0,0,none
1788263039,1.0,1625.0,0.0376136302947998,0.0007285984779521,108449792,0.0665030980092718,1377751040,12.0,12.0,0.0,0,none
1788263044,1.0,1626.0,0.0363047122955322,0.0006741229835022,108449792,0.0653212433849317,1377488896,12.0,12.0,0.0,0,none
1788263049,1.0,1627.0,0.0357890129089355,0.0008005759795207,108687360,0.0671097428043233,1377488896,12.0,12.0,0.0,0,none
1788263054,1.0,1628.0,0.0374939441680908,0.0007602005844366,107397120,0.0665372139652144,1378025472,12.0,12.0,0.0,0,none
1788263059,1.0,1629.0,0.037111759185791,0.0007752357729408,107659264,0.0668658419935896,1377501184,12.0,12.0,0.0,0,none
1788263064,1.0,1630.0,0.035858154296875,0.0007987045430212,108179456,0.057264117476756,1377497088,12.0,12.0,0.0,0,none
1788263069,1.0,1631.0,0.0388247966766357,0.000739023411859,107405312,0.0327802096947943,1377234944,12.0,12.0,0.0,0,none
1788263074,1.0,1632.0,0.0308220386505126,0.0008103535627691,107155456,0.0636373704979313,1378807808,12.0,12.0,0.0,0,none
1788263079,1.0,1633.0,0.034808874130249,0.0008002949154393,107401216,0.0665478459377987,1377968128,12.0,12.0,0.0,0,none
1788263084,1.0,1634.0,0.0377798080444335,0.0007773703231292,107917312,0.0665531779107969,1378205696,12.0,12.0,0.0,0,none
1788263089,1.0,1635.0,0.0375761985778808,0.0007691156338413,107667456,0.0672464135537926,1379266560,12.0,12.0,0.0,0,none
1788263094,1.0,1636.0,0.0386385917663574,0.000742230380575,107925504,0.0665785398238644,1377013760,12.0,12.0,0.0,0,none
1788263099,1.0,1637.0,0.0302860736846923,0.0008084911423335,107925504,0.0660793090619774,1377783808,12.0,12.0,0.0,0,none
1788263104,1.0,1638.0,0.0317239761352539,0.0007504463504288,108441600,0.0648388075247747,1377787904,12.0,12.0,0.0,0,none
1788263109,1.0,1639.0,0.0367689132690429,0.0007709478209106,108441600,0.0660555772222357,1377292288,12.0,12.0,0.0,0,none
1788263114,1.0,1640.0,0.0380816459655761,0.0007854159446987,107675648,0.0662848135452092,1377005568,12.0,12.0,0.0,0,none
1788263119,1.0,1641.0,0.0372815132141113,0.0007794622893602,107671552,0.0674234564337533,1377271808,12.0,12.0,0.0,0,none
1788263124,1.0,1642.0,0.0401427745819091,0.0007978537053085,108175360,0.0667134751204847,1377808384,12.0,12.0,0.0,0,none
1788263129,1.0,1643.0,0.0309236049652099,0.0007865931345782,107667456,0.0319373337298318,1377280000,12.0,12.0,0.0,0,none
1788263134,1.0,1644.0,0.0399389266967773,0.0007669353239212,107409408,0.0630972004134085,1378156544,12.0,12.0,0.0,0,none
1788263139,1.0,1645.0,0.0310182571411132,0.0007845422424477,108171264,0.0653018078452406,1378471936,12.0,12.0,0.0,0,none
1788263144,1.0,1646.0,0.0395519733428955,0.0007808089962454,108183552,0.0650298220522722,1377280000,12.0,12.0,0.0,0,none
1788263149,1.0,1647.0,0.0370898246765136,0.0007676552757682,107941888,0.0658362775954546,1378570240,12.0,12.0,0.0,0,none
1788263154,1.0,1648.0,0.0399270057678222,0.0007544946283709,108687360,0.0645651290873513,1377787904,12.0,12.0,0.0,0,none
1788263159,1.0,1649.0,0.0326168537139892,0.0007815354142977,108404736,0.064416922804338,1377325056,12.0,12.0,0.0,0,none
1788263164,1.0,1650.0,0.0379400253295898,0.0007041745367991,108142592,0.0628783474984912,1377075200,12.0,12.0,0.0,0,none
1788263169,1.0,1651.0,0.0401463508605957,0.000788361164255,108400640,0.06553745067312,1378037760,12.0,12.0,0.0,0,none
1788263174,1.0,1652.0,0.0363938808441162,0.0007666235399165,107909120,0.0643596169911134,1376841728,12.0,12.0,0.0,0,none
1788263179,1.0,1653.0,0.0383162498474121,0.0007367061087746,107663360,0.0644700582883242,1377062912,12.0,12.0,0.0,0,none
1788263184,1.0,1654.0,0.0382225513458251,0.0007480520415324,107921408,0.0648884816596546,1377574912,12.0,12.0,0.0,0,none
1788263189,1.0,1655.0,0.0266737937927246,0.0007850113411868,107671552,0.0314482009156435,1377841152,11.0,11.0,0.0,0,none
1788263194,1.0,1656.0,0.0337564945220947,0.0007628129374761,107667456,0.0625427744789123,1378660352,11.0,11.0,0.0,0,none
1788263199,1.0,1657.0,0.0384974479675293,0.0007515920177383,107429888,0.0658816695025902,1377902592,11.0,11.0,0.0,0,none
1788263204,1.0,1658.0,0.0381970405578613,0.0007725522401678,107909120,0.0650902574501178,1378033664,11.0,11.0,0.0,0,none
1788263209,1.0,1659.0,0.0376451015472412,0.000777883004298,108171264,0.0669093135128967,1377533952,11.0,11.0,0.0,0,none
1788263214,1.0,1660.0,0.0355696678161621,0.000766096697053,108400640,0.0655924930579827,1377087488,11.0,11.0,0.0,0,none
1788263219,1.0,1661.0,0.0374853610992431,0.0007964059628344,107180032,0.0655122400580404,1377624064,11.0,11.0,0.0,0,none
1788263224,1.0,1662.0,0.0483849048614501,0.0007766769530615,107679744,0.0627316316112134,1378136064,11.0,11.0,0.0,0,none
1788263229,1.0,1663.0,0.0337646007537841,0.0008152047860101,108183552,0.0662643613059046,1377652736,11.0,11.0,0.0,0,none
1788263234,1.0,1664.0,0.0413122177124023,0.0008260147739143,108158976,0.0668701884583048,1377107968,11.0,11.0,0.0,0,none
1788263239,1.0,1665.0,0.0413031578063964,0.0008220791544945,107692032,0.0656117458374506,1376825344,11.0,11.0,0.0,0,none
1788263244,1.0,1666.0,0.0384838581085205,0.0008135874373341,108171264,0.0659320298616007,1377087488,11.0,11.0,0.0,0,none
1788263249,1.0,1667.0,0.0353991985321044,0.0008052125956235,107663360,0.0324772440433859,1377607680,12.0,12.0,0.0,0,none
1788263254,1.0,1668.0,0.0357570648193359,0.0008566005049667,108199936,0.063826792240845,1378709504,12.0,12.0,0.0,0,none
1788263259,1.0,1669.0,0.0366485118865966,0.000824638018363,108163072,0.0653013844901497,1377251328,12.0,12.0,0.0,0,none
1788263264,1.0,1670.0,0.0359549522399902,0.0008438004994858,107655168,0.0648426381925598,1377153024,12.0,12.0,0.0,0,none
1788263269,1.0,1671.0,0.0353612899780273,0.0008254581223359,107651072,0.0654337069970887,1378160640,12.0,12.0,0.0,0,none
1788263274,1.0,1672.0,0.0389409065246582,0.0008262358654682,107663360,0.064945634155069,1377902592,12.0,12.0,0.0,0,none
1788263279,1.0,1673.0,0.0395605564117431,0.0008215918989547,107655168,0.0644424232079508,1377116160,12.0,12.0,0.0,0,none
1788263284,1.0,1674.0,0.0363228321075439,0.000791796357912,108429312,0.0615777835277193,1376862208,12.0,12.0,0.0,0,none
1788263289,1.0,1675.0,0.0380160808563232,0.0008122303201711,108171264,0.0611194539718119,1377378304,12.0,12.0,0.0,0,none
1788263294,1.0,1676.0,0.0382695198059082,0.0008226288613099,108687360,0.0638977469311925,1377136640,12.0,12.0,0.0,0,none
1788263299,1.0,1677.0,0.0409033298492431,0.0008169634826407,107671552,0.0636828825529063,1377398784,12.0,12.0,0.0,0,none
1788263304,1.0,1678.0,0.03466796875,0.0008480561434777,107663360,0.0635065838126227,1377660928,12.0,12.0,0.0,0,none
1788263309,1.0,1679.0,0.0277767181396484,0.0008127299013597,107925504,0.0311399499054329,1377128448,12.0,12.0,0.0,0,none
1788263314,1.0,1680.0,0.035130500793457,0.0008111535692529,107663360,0.0636010666701247,1378713600,12.0,12.0,0.0,0,none
1788263319,1.0,1681.0,0.0346195697784423,0.0007916499617305,108425216,0.0631481012677545,1377632256,12.0,12.0,0.0,0,none
1788263324,1.0,1682.0,0.037210464477539,0.0007812965923584,108453888,0.0656097032170973,1377660928,12.0,12.0,0.0,0,none
1788263329,1.0,1683.0,0.0265047550201416,0.0007830704802637,107905024,0.0664375839668327,1378447360,12.0,12.0,0.0,0,none
1788263334,1.0,1684.0,0.0298559665679931,0.0007681538241191,108453888,0.0663878954780081,1377390592,12.0,12.0,0.0,0,none
1788263339,1.0,1685.0,0.0373082160949707,0.0007501611863313,107896832,0.0659791799060269,1377656832,12.0,12.0,0.0,0,none
1788263344,1.0,1686.0,0.0347144603729248,0.0007483066967698,108429312,0.0664159261237854,1377157120,12.0,12.0,0.0,0,none
1788263349,1.0,1687.0,0.0394670963287353,0.0007469489915229,107909120,0.0655594331381876,1410859008,12.0,12.0,0.0,0,none
1788263354,1.0,1688.0,0.0389280319213867,0.0007446700691352,107401216,0.067108315504975,1378037760,12.0,12.0,0.0,0,none
1788263359,1.0,1689.0,0.0276143550872802,0.0007329022857663,107413504,0.0664351481738381,1377521664,12.0,12.0,0.0,0,none
1788263364,1.0,1690.0,0.0370614528656005,0.0007122528083838,107655168,0.0660581199243575,1378041856,12.0,12.0,0.0,0,none
1788263369,1.0,1691.0,0.0329153537750244,0.0007417165377317,107659264,0.0320555001542773,1377673216,12.0,12.0,0.0,0,none
1788263374,1.0,1692.0,0.0336101055145263,0.0006968133745104,107692032,0.0662153230265237,1378963456,12.0,12.0,0.0,0,none
1788263379,1.0,1693.0,0.0342979431152343,0.0006687933420957,107692032,0.0637167372806435,1378152448,12.0,12.0,0.0,0,none
1788263384,1.0,1694.0,0.036487340927124,0.0007348507133401,108167168,0.0655423099283691,1378197504,12.0,12.0,0.0,0,none
1788263389,1.0,1695.0,0.0360865592956543,0.0007475523202911,108695552,0.0663225022399288,1378971648,12.0,12.0,0.0,0,none
1788263394,1.0,1696.0,0.0347692966461181,0.0007791741141351,107937792,0.0665767636656826,1377935360,12.0,12.0,0.0,0,none
1788263399,1.0,1697.0,0.0342822074890136,0.0007729845325664,108421120,0.0656017285403438,1377947648,12.0,12.0,0.0,0,none
1788263404,1.0,1698.0,0.0350477695465087,0.0007574921562263,107929600,0.0645660941754972,1376907264,12.0,12.0,0.0,0,none
1788263409,1.0,1699.0,0.0341913700103759,0.0007567488101144,108941312,0.0629021042437585,1377161216,12.0,12.0,0.0,0,none
1788263414,1.0,1700.0,0.0312952995300293,0.0007135938283776,107667456,0.065859265056757,1378467840,12.0,12.0,0.0,0,none
1788263419,1.0,1701.0,0.0357682704925537,0.0006862225738396,107667456,0.0647689307700416,1378455552,12.0,12.0,0.0,0,none
1788263424,1.0,1701.0,0.0357682704925537,0.0007374901143144,108191744,0.0644698891563445,1377947648,12.0,12.0,0.0,0,none
1788263429,1.0,1702.0,0.0357265472412109,0.0007443524298413,108441600,0.0312212072303064,1376927744,12.0,12.0,0.0,0,none
1788263434,1.0,1703.0,0.0281462669372558,0.0006977127135351,108163072,0.0643700377656836,1377718272,12.0,12.0,0.0,0,none
1788263439,1.0,1704.0,0.0342543125152587,0.0007496294957527,107651072,0.0623816489025344,1377525760,12.0,12.0,0.0,0,none
1788263444,1.0,1705.0,0.0325686931610107,0.0007241540845375,107933696,0.0711974894003934,1379045376,12.0,12.0,0.0,0,none
1788263449,1.0,1706.0,0.036719799041748,0.0007429526729966,107933696,0.0723957917060251,1379913728,12.0,12.0,0.0,0,none
1788263454,1.0,1707.0,0.0351362228393554,0.0007305006140817,108466176,0.073253403073073,1380405248,12.0,12.0,0.0,0,none
1788263459,1.0,1708.0,0.0364253520965576,0.0007015762948135,107405312,0.0725185550210686,1379885056,12.0,12.0,0.0,0,none
1788263464,1.0,1709.0,0.0355942249298095,0.0007138308528906,108195840,0.0720599639444592,1380139008,12.0,12.0,0.0,0,none
1788263469,1.0,1710.0,0.0346796512603759,0.0007306501547987,108171264,0.0690460618869732,1380147200,12.0,12.0,0.0,0,none
1788263474,1.0,1711.0,0.0375862121582031,0.0006594382938792,107921408,0.072521201145098,1379639296,12.0,12.0,0.0,0,none
1788263479,1.0,1712.0,0.041182518005371,0.0006728212811243,107921408,0.0724340124938238,1379635200,12.0,12.0,0.0,0,none
1788263484,1.0,1713.0,0.0340101718902587,0.0007423161065882,108417024,0.0725421391729829,1379635200,12.0,12.0,0.0,0,none
1788263489,1.0,1714.0,0.0395402908325195,0.0007683736367947,107655168,0.0434284542451796,1460908032,12.0,12.0,0.0,0,none
1788263494,1.0,1715.0,0.0312607288360595,0.0007811833492682,108167168,0.0729018074621364,1381150720,12.0,12.0,0.0,0,none
1788263499,1.0,1716.0,0.0333573818206787,0.0008021689795007,108429312,0.063188209707712,1380433920,12.0,12.0,0.0,0,none
1788263504,1.0,1717.0,0.034461498260498,0.0007095689056272,107401216,0.0657457676255444,1380450304,12.0,12.0,0.0,0,none
1788263509,1.0,1718.0,0.0346884727478027,0.0007667799567437,108408832,0.065014615740855,1380667392,12.0,12.0,0.0,0,none
1788263514,1.0,1719.0,0.0336809158325195,0.0007789069391355,108695552,0.0656016582165641,1380179968,12.0,12.0,0.0,0,none
1788263519,1.0,1720.0,0.0269865989685058,0.00074782433816,108453888,0.0660844336934126,1379905536,12.0,12.0,0.0,0,none
1788263524,1.0,1721.0,0.0287144184112548,0.0006733884237083,107409408,0.0670199324026152,1380421632,12.0,12.0,0.0,0,none
1788263529,1.0,1722.0,0.0323100090026855,0.0006652657648361,107401216,0.0639256035794328,1379401728,12.0,12.0,0.0,0,none
1788263534,1.0,1723.0,0.0318584442138671,0.0005807086308435,107171840,0.066846914505834,1379651584,12.0,12.0,0.0,0,none
1788263539,1.0,1724.0,0.0366015434265136,0.0006317316204863,107413504,0.0659581754930279,1379405824,12.0,12.0,0.0,0,none
1788263544,1.0,1725.0,0.0370588302612304,0.0006167892133817,107155456,0.062090512823376,1379651584,12.0,12.0,0.0,0,none
1788263549,1.0,1726.0,0.0273623466491699,0.0006574761783993,107917312,0.0328410765379036,1379135488,12.0,12.0,0.0,0,none
1788263554,1.0,1727.0,0.0306417942047119,0.000663111318956,107655168,0.0679955875249983,1381224448,12.0,12.0,0.0,0,none
1788263559,1.0,1728.0,0.0367305278778076,0.0006684617058311,107159552,0.0640387354848615,1380151296,12.0,12.0,0.0,0,none
1788263564,1.0,1729.0,0.0358667373657226,0.0006872631257521,108466176,0.0666325633401078,1379946496,12.0,12.0,0.0,0,none
1788263569,1.0,1730.0,0.0394420623779296,0.0007164876654081,108195840,0.0669306529929605,1380188160,12.0,12.0,0.0,0,none
1788263574,1.0,1731.0,0.0323789119720459,0.0007191742337737,107913216,0.0671000811891275,1379696640,12.0,12.0,0.0,0,none
1788263579,1.0,1732.0,0.0389256477355957,0.0007425121344856,107929600,0.0668188667948274,1379696640,12.0,12.0,0.0,0,none
1788263584,1.0,1733.0,0.035485029220581,0.0007591688849452,107929600,0.0676176328829226,1379688448,12.0,12.0,0.0,0,none
1788263589,1.0,1734.0,0.0386021137237548,0.0007821522753397,107663360,0.0637553713652594,1378918400,12.0,12.0,0.0,0,none
1788263594,1.0,1735.0,0.0355091094970703,0.000794873950993,108167168,0.0674085852176483,1379581952,12.0,12.0,0.0,0,none
1788263599,1.0,1736.0,0.0358850955963134,0.000800937540056,108167168,0.067194565118983,1379995648,12.0,12.0,0.0,0,none
1788263604,1.0,1737.0,0.0360991954803466,0.000738485572505,108179456,0.0664042074857957,1379991552,12.0,12.0,0.0,0,none
1788263609,1.0,1738.0,0.0361089706420898,0.0007396282252843,107925504,0.0323620336494422,1379971072,12.0,12.0,0.0,0,none
1788263614,1.0,1739.0,0.0307154655456542,0.0007958846257525,107429888,0.0663096611550528,1380917248,12.0,12.0,0.0,0,none
1788263619,1.0,1740.0,0.0348458290100097,0.0007312870519142,107671552,0.0631197223914002,1379446784,12.0,12.0,0.0,0,none
1788263624,1.0,1741.0,0.0354731082916259,0.0007388408865817,107417600,0.0664962483484468,1379987456,12.0,12.0,0.0,0,none
1788263629,1.0,1742.0,0.0365293025970459,0.0007496900710019,107417600,0.0656910732341446,1380200448,12.0,12.0,0.0,0,none
1788263634,1.0,1743.0,0.0348291397094726,0.000731627813284,107454464,0.0661399515671115,1380728832,12.0,12.0,0.0,0,none
1788263639,1.0,1744.0,0.0339837074279785,0.0006654122509928,107417600,0.0648921677158571,1379684352,12.0,12.0,0.0,0,none
1788263644,1.0,1745.0,0.035762071609497,0.0007671792105026,107929600,0.0653711465272814,1380212736,12.0,12.0,0.0,0,none
1788263649,1.0,1746.0,0.0273044109344482,0.0007664336497597,107675648,0.0616064050653354,1379729408,12.0,12.0,0.0,0,none
1788263654,1.0,1747.0,0.0363242626190185,0.0007100952090573,107687936,0.0648622599574362,1380098048,12.0,12.0,0.0,0,none
1788263659,1.0,1748.0,0.0371856689453125,0.000776955278742,107909120,0.0649896844374034,1379987456,12.0,12.0,0.0,0,none
1788263664,1.0,1749.0,0.0371949672698974,0.0007722128892909,107909120,0.0644519583260908,1379991552,12.0,12.0,0.0,0,none
1788263669,1.0,1750.0,0.0270512104034423,0.0007511761820856,107163648,0.0311091204114954,1379729408,12.0,12.0,0.0,0,none
1788263674,1.0,1751.0,0.0360124111175537,0.0008142997236337,108195840,0.0667675601562007,1381052416,12.0,12.0,0.0,0,none
1788263679,1.0,1752.0,0.0311651229858398,0.0007278143618689,107184128,0.0622861260827436,1380417536,12.0,12.0,0.0,0,none
1788263684,1.0,1753.0,0.0358057022094726,0.0006921038422445,107405312,0.0660451752904911,1381105664,12.0,12.0,0.0,0,none
1788263689,1.0,1754.0,0.0368170738220214,0.000740263297241,107651072,0.0655291505359213,1380548608,12.0,12.0,0.0,0,none
1788263694,1.0,1755.0,0.0346848964691162,0.0007439926402943,107409408,0.0662150217550664,1380536320,12.0,12.0,0.0,0,none
1788263699,1.0,1756.0,0.0361623764038085,0.0006846256856162,107405312,0.0654422760912757,1380024320,12.0,12.0,0.0,0,none
1788263704,1.0,1757.0,0.0364060401916503,0.0007330387407052,107417600,0.0661273309415708,1379778560,12.0,12.0,0.0,0,none
1788263709,1.0,1758.0,0.0367810726165771,0.0007782735918068,107921408,0.0633157743965344,1380040704,12.0,12.0,0.0,0,none
1788263714,1.0,1759.0,0.0367331504821777,0.0007684303861604,107671552,0.0655473959849113,1380831232,12.0,12.0,0.0,0,none
1788263719,1.0,1760.0,0.0349366664886474,0.0007406632418092,107671552,0.0662907033198298,1380827136,12.0,12.0,0.0,0,none
1788263724,1.0,1761.0,0.0358915328979492,0.0007895542764371,108167168,0.0650263329736603,1380302848,12.0,12.0,0.0,0,none
1788263729,1.0,1762.0,0.0296576023101806,0.0007112270006243,107671552,0.0314052453280575,1380564992,11.0,11.0,0.0,0,none
1788263734,1.0,1763.0,0.034611701965332,0.0007475021410219,107663360,0.0650151552113241,1381539840,11.0,11.0,0.0,0,none
1788263739,1.0,1764.0,0.033078908920288,0.0007633743004696,107929600,0.0623112382511186,1380655104,11.0,11.0,0.0,0,none
1788263744,1.0,1765.0,0.0379765033721923,0.0007505782083735,107933696,0.0637352424586527,1379893248,11.0,11.0,0.0,0,none
1788263749,1.0,1766.0,0.0284006595611572,0.00075167871427,107659264,0.0641653612911421,1379799040,11.0,11.0,0.0,0,none
1788263754,1.0,1767.0,0.0321197509765625,0.0007425476251888,107163648,0.0644990975342644,1379536896,11.0,11.0,0.0,0,none
1788263759,1.0,1768.0,0.0372126102447509,0.0007167276051188,107163648,0.0647316993606126,1379540992,11.0,11.0,0.0,0,none
1788263764,1.0,1769.0,0.0397179126739501,0.0006899491071267,107163648,0.0649870852467658,1380061184,11.0,11.0,0.0,0,none
1788263769,1.0,1770.0,0.0363779067993164,0.0007068194675085,107421696,0.0621720138271463,1380581376,11.0,11.0,0.0,0,none
1788263774,1.0,1771.0,0.038722276687622,0.0006785739801386,107167744,0.0648116981007852,1380626432,11.0,11.0,0.0,0,none
1788263779,1.0,1772.0,0.0352523326873779,0.000669687293744,107171840,0.065009357725459,1380589568,11.0,11.0,0.0,0,none
1788263784,1.0,1773.0,0.0382382869720459,0.0006865871805706,107171840,0.0640023433048629,1379803136,11.0,11.0,0.0,0,none
1788263789,1.0,1774.0,0.0359673500061035,0.0007047503950915,107429888,0.0372814788203255,1486909440,12.0,12.0,0.0,0,none
1788263794,1.0,1775.0,0.0307254791259765,0.0007041154210028,107429888,0.063923639709142,1380655104,12.0,12.0,0.0,0,none
1788263799,1.0,1776.0,0.0394103527069091,0.0006970724580169,107425792,0.0625215068398218,1380139008,12.0,12.0,0.0,0,none
1788263804,1.0,1777.0,0.0366313457489013,0.0006938479499062,107679744,0.064718557059926,1379938304,12.0,12.0,0.0,0,none
1788263809,1.0,1778.0,0.0308754444122314,0.0007030207298026,107409408,0.0642720359906002,1379708928,12.0,12.0,0.0,0,none
1788263814,1.0,1779.0,0.0357441902160644,0.0007079853768682,107393024,0.0643674556957939,1379467264,12.0,12.0,0.0,0,none
1788263819,1.0,1780.0,0.0366933345794677,0.0007037948498466,107384832,0.0635898034318079,1380237312,12.0,12.0,0.0,0,none
1788263824,1.0,1781.0,0.0403270721435546,0.000705005981078,107429888,0.0640847208566601,1379450880,12.0,12.0,0.0,0,none
1788263829,1.0,1782.0,0.0335516929626464,0.0007207815725616,107917312,0.0617392961174336,1379979264,12.0,12.0,0.0,0,none
1788263834,1.0,1783.0,0.0333876609802246,0.0007308763699006,107675648,0.0646775537670264,1380147200,12.0,12.0,0.0,0,none
1788263839,1.0,1784.0,0.03656005859375,0.0006951208666109,107687936,0.0652208775194829,1380089856,12.0,12.0,0.0,0,none
1788263844,1.0,1785.0,0.0359864234924316,0.0006811216860475,107429888,0.0588321659955042,1379569664,12.0,12.0,0.0,0,none
1788263849,1.0,1786.0,0.0297484397888183,0.0006782105751722,107175936,0.0377977767815166,1477214208,12.0,12.0,0.0,0,none
1788263854,1.0,1787.0,0.0344946384429931,0.0007174447615458,107175936,0.0729610192605911,1380261888,12.0,12.0,0.0,0,none
1788263859,1.0,1788.0,0.0282549858093261,0.0007369687991852,107171840,0.0706132478081411,1379856384,12.0,12.0,0.0,0,none
1788263864,1.0,1789.0,0.0342943668365478,0.0007112562960799,107470848,0.073715265593024,1380610048,12.0,12.0,0.0,0,none
1788263869,1.0,1790.0,0.03623628616333,0.0007239936887682,107438080,0.0746076490221352,1379872768,12.0,12.0,0.0,0,none
1788263874,1.0,1791.0,0.0353343486785888,0.000735003007601,107171840,0.0733066974038232,1380372480,12.0,12.0,0.0,0,none
1788263879,1.0,1792.0,0.0363790988922119,0.0007220982945959,107175936,0.0730390787337325,1379856384,12.0,12.0,0.0,0,none
1788263884,1.0,1793.0,0.0363085269927978,0.0007123075258735,107175936,0.0728243282390036,1379581952,12.0,12.0,0.0,0,none
1788263889,1.0,1794.0,0.0388481616973876,0.0007144564344956,107429888,0.0705489053737065,1379860480,12.0,12.0,0.0,0,none
1788263894,1.0,1795.0,0.0349340438842773,0.0007578551097236,107180032,0.0727187153998877,1379729408,12.0,12.0,0.0,0,none
1788263899,1.0,1796.0,0.0360937118530273,0.0007720112750787,107950080,0.0728686052673152,1379852288,12.0,12.0,0.0,0,none
1788263904,1.0,1797.0,0.0354454517364501,0.0007749563763268,107687936,0.0668308777473521,1380114432,12.0,12.0,0.0,0,none
1788263909,1.0,1798.0,0.0371654033660888,0.0007655647076283,107937792,0.0311177914680356,1380122624,12.0,12.0,0.0,0,none
1788263914,1.0,1799.0,0.0447795391082763,0.0007285949702658,107683840,0.0653464000475737,1379606528,12.0,12.0,0.0,0,none
1788263919,1.0,1800.0,0.03269624710083,0.000749968341263,107429888,0.0638570397926619,1380126720,12.0,12.0,0.0,0,none
1788263924,1.0,1801.0,0.0370116233825683,0.000753202158391,107180032,0.0642454106987642,1380532224,12.0,12.0,0.0,0,none
1788263929,1.0,1802.0,0.0330207347869873,0.0007462440121933,107180032,0.0659319249259657,1380171776,12.0,12.0,0.0,0,none
1788263934,1.0,1803.0,0.0370547771453857,0.0007585311504392,107425792,0.066173746759176,1379143680,12.0,12.0,0.0,0,none
1788263939,1.0,1804.0,0.0300812721252441,0.0007529779987111,107425792,0.0651112504165777,1379913728,12.0,12.0,0.0,0,none
1788263944,1.0,1805.0,0.0357921123504638,0.0007257381656264,107692032,0.0646892866798266,1379405824,12.0,12.0,0.0,0,none
1788263949,1.0,1806.0,0.0366146564483642,0.0007105267897343,107933696,0.0627500438286672,1379393536,12.0,12.0,0.0,0,none
